1999,不见不散,4300
1999,星战前传1,3300
1999,一个都不能少,3000
1999,偷天陷阱,2900
1999,宝莲灯,2900
1999,尖峰时刻,2500
1999,国家公敌,2200
1999,玻璃樽,2000
1999,花木兰(好莱坞动画版),1100
2001,珍珠港,10500
2001,大腕,4300
2001,特务迷城,4000
2001,我的兄弟姐妹,2300
2001,木乃伊2,2300
2001,垂直极限,2300
2001,蜀山传,2000
2001,兵临城下,1700
2001,尖峰时刻2,1700
2001,剑鱼行动,1700
2001,古墓丽影,1400
2001,霹雳娇娃,1400
2001,红磨坊,1200
2001,庭院里的女人,1000
2001,浪漫樱花,1000
2001,生命的证据,1000
2001,神秘拼图,1000
2001,佐罗的面具,1000
2001,刮痧,800
2001,雷霆战警,800
2001,拜见岳父大人,800
2001,紫日,600
2001,谁说我不在乎,600
2001,小鸡快跑,600
2001,英雄无语,500
2001,第一次的亲密接触,500
2001,地上最强,500
2001,绝对情感,400
2001,流星语,400
2001,小虎斑斑,100
1995,真实的谎言,10300
1995,红番区,9500
1995,阳光灿烂的日子,5000
1995,虎胆龙威3,4700
1995,狮子王(1994),4130
1995,红粉,4000
1995,红樱桃,4000
1995,生死时速,3780
1995,七七事变,3300
1995,绝地战警,3280
1995,阿甘正传,1960
1997,侏罗纪公园2,7210
1997,鸦片战争,7200
1997,一个好人,6500
1997,天崩地裂,4760
1997,有话好好说,4600
1997,蒸发密令,4580
1997,大转折：挺进大别山,4000
1997,红河谷,3700
1997,甲方乙方,3600
1997,生死时速2,3040
1997,生死豪情,2500
2000,生死抉择,11650
2000,一声叹息,2800
2000,精灵鼠小弟,2080
2000,西点揭秘,2010
2000,东京攻略,2000
2000,角斗士,2000
2000,完美风暴,2000
2000,西域威龙,1800
2000,黑客帝国,1700
2000,决战紫禁之巅,1500
2000,恐龙,1500
2000,致命追缉令,1400
2000,绝地奶霸,1300
2000,飞天舞,1200
2000,卧虎藏龙,1000
2000,漂亮妈妈,800
2000,公元2000,600
2000,求婚脑震荡,600
2000,幸福时光,500
2000,紧急迫降,500
2000,大进军——大战宁沪杭,300
2000,美丽的家,300
2000,大惊小怪,200
2000,西洋镜,200
2000,马可波罗回香都,200
2000,星愿,200
2000,给您道喜啦,100
1996,警察故事4：简单任务,8000
1996,龙卷风,5450
1996,断箭,5050
1996,勇闯夺命岛,4770
1996,勇敢者的游戏,4770
1996,碟中谍,4510
1996,廊桥遗梦,3950
1996,孔繁森,3600
1996,未来水世界,3400
1996,极度恐慌,3260
1996,玩具总动员,3180
1994,亡命天涯,2580
1998,泰坦尼克号,36000
1998,拯救大兵瑞恩,8230
1998,我是谁,8000
1998,彗星撞地球,5130
1998,周恩来外交风云,4030
1998,小鬼当家3,4020
1998,红色恋人,2500
1998,活火熔城,1780
1998,龙出生天,1590
2002,英雄,25000
2002,指环王1：护戒使者,5620
2002,哈利·波特与魔法石,5600
2002,星战前传2：克隆人的进攻,4500
2002,蜘蛛侠,4100
2002,风语者,2871
2002,天脉传奇,2600
2002,碟中谍2,2500
2002,天下无双,2300
2002,河东狮吼,2200
2002,周渔的火车,2000
2002,侏罗纪公园3,1750
2002,精灵鼠小弟2,1704
2002,临时特工,1700
2002,暗流,1700
2002,燕尾服,1600
2002,嫁个有钱人,1530
2002,宇宙追缉令,1220
2002,和你在一起,1200
2002,我爱你,1000
2002,浩劫惊魂,1000
2002,公主日记,925
2002,寻枪,900
2002,决战猩球,861
2002,绿芥刑警,800
2002,缘分天注定,753
2002,一见钟情,700
2002,冲出亚马逊,700
2002,怪物史莱克,675
2002,烟雨红颜,600
2002,冰河世纪,535
2002,致命追踪,500
2002,男人百分百,391
2002,苹果的滋味,300
2002,天荒情未老,300
2002,美丽的大脚,260
2002,首席执行官,230
2002,致命的一击,212
2002,我的美丽乡愁,200
2002,黑水仙,200
2002,小城之春,150
2002,天使不寂寞,130
2002,手足情,120
2002,停不了的爱,120
2002,假装没感觉,95
2002,嘎达梅林,70
2002,二十五个孩子一个爹,62
2002,秋天的流星雨,50
2002,真情三人行,30
2003,手机,5600
2003,哈利·波特与密室,5222
2003,黑客帝国3：最后战役,4300
2003,黑客帝国2：重装上阵,4300
2003,天地英雄,4100
2003,无间道3,3600
2003,海底总动员,3553
2003,终结者3：机器的警觉,2832
2003,加勒比海盗1：黑珍珠号的诅咒,2700
2003,飞龙再生,2500
2003,魔戒二部曲：双塔奇兵,2400
2003,老鼠爱上猫,2300
2003,谍海计中计,1723
2003,偷天换日,1700
2003,霹雳娇娃2,1500
2003,大块头有大智慧,1400
2003,双雄,1300
2003,上海骑士 ,1200
2003,逍遥法外,1200
2003,邓小平,1100
2003,超胆侠,1100
2003,X战警2,1000
2003,情归阿拉巴马,1000
2003,非常小特务3,1000
2003,地心抢险记,900
2003,绿巨人浩克,810
2003,玉观音,800
2003,无间道2,800
2003,新扎师妹2之美丽任务,800
2003,憨豆特派员,790
2003,卡拉是条狗,700
2003,曼哈顿灰姑娘,700
2003,我的失忆男友,680
2003,向左走向右走,650
2003,惊涛骇浪,600
2003,隔世情缘,600
2003,卢浮魅影,500
2003,绿茶,400
2003,暖冬,300
2003,紫蝴蝶,300
2003,印度往事,300
2003,走近毛泽东,240
2003,午夜惊魂,200
2003,芬妮的微笑,200
2003,二分之一的机会,200
2003,梦游美利坚,180
2003,忘不了,150
2003,爱君如梦,120
2003,安娜与武林,100
2003,爱，断了线,80
2003,我和爸爸,50
2003,五月八月,50
2004,功夫,16000
2004,十面埋伏,15360
2004,天下无贼,12000
2004,魔戒三部曲：国王归来,8630
2004,后天,8250
2004,特洛伊,6407
2004,蜘蛛侠2,5200
2004,新警察故事,4300
2004,张思德,4000
2004,哈利波特与阿兹卡班的囚徒,3870
2004,亚瑟王,2740
2004,冷山,2650
2004,千机变2,2300
2004,怒海争锋,2040
2004,天黑请闭眼,2000
2004,加菲猫,2000
2004,反恐特警组,1600
2004,恋爱中的宝贝,1500
2004,我，机器人,1500
2004,龙凤斗,1400
2004,飞鹰,1400
2004,记忆裂痕,1400
2004,魔幻厨房,1250
2004,怪物史莱克2,1200
2004,暗流2：末日天使,1200
2004,大城小事,800
2004,救命,800
2004,云梯49,800
2004,郁金香方方,710
2004,求爱上上签,700
2004,大事件,650
2004,邓小平·1928,600
2004,暖,600
2004,可可西里,600
2004,野蛮师姐,600
2004,虎兄虎弟,600
2004,华纳巨星总动员,553
2004,茉莉花开,520
2004,单刀直入,520
2004,柔道龙虎榜,500
2004,花好月圆,500
2004,儿女一箩筐,500
2004,无法尖叫,450
2004,旺角黑夜,400
2004,六壮士,400
2004,蒙娜丽莎的微笑,400
2004,车神,400
2004,假如爱有天意,400
2004,自娱自乐,300
2004,新扎师兄,300
2004,鬼马狂想曲,300
2004,冲锋陷阵,300
2004,爆裂都市,300
2004,钢琴师,300
2004,夺命蜂巢,300
2004,七年很痒,260
2004,对垒特工,250
2004,妙探神威,200
2004,枪林恋曲,200
2004,飞侠小白龙,200
2004,20、30、40,150
2004,我爱天上人间,120
2004,我的法兰西岁月,100
2004,时差7小时,100
2004,了不起的爸爸,90
2004,恋情告急,60
2005,无极,17500
2005,金刚,10231
2005,神话,9700
2005,哈利波特与火焰杯,9400
2005,七剑,8345
2005,星球大战前传3：西斯的复仇,7554
2005,头文字D,6300
2005,史密斯行动,6200
2005,世界大战,5300
2005,情癫大圣,5000
2005,韩城攻略,4100
2005,国家宝藏,3600
2005,佐罗传奇,3060
2005,如果·爱,3000
2005,千里走单骑,3000
2005,马达加斯加,2820
2005,翻译风波,2800
2005,绝密飞行,2800
2005,任长霞,2600
2005,狂蟒之灾2：搜寻血兰,2540
2005,蝙蝠侠与罗宾,2200
2005,生死牛玉儒,2000
2005,神奇4侠,2000
2005,三岔口,1600
2005,鲨鱼故事,1600
2005,凤凰劫,1500
2005,极限特工2,1450
2005,喜马拉雅星,1200
2005,美人依旧,1000
2005,孔雀,1000
2005,双龙间谍,950
2005,帝企鹅日记,950
2005,日落之后,908
2005,极地特快,900
2005,再说一次我爱你,880
2005,精武家庭,846
2005,一个陌生女人的来信,800
2005,猛龙,800
2005,童梦奇缘,784
2005,暖秋,660
2005,圣战士,650
2005,小丑奇兵,650
2005,长恨歌,600
2005,黑社会,600
2005,怪物,600
2005,我要飞上天,600
2005,导盲犬小Q,600
2005,千杯不醉,579
2005,地铁惊魂,550
2005,外出,520
2005,情人结,512
2005,七夜,500
2005,疑神疑鬼,450
2005,漫长的婚约,420
2005,一线声机,407
2005,做头,400
2005,青红,400
2005,逃之夭夭,400
2005,幸福终点站,383
2005,借兵,350
2005,异度空间,312
2005,为了胜利,300
2005,红孩儿大话火焰山,250
2005,瘦身,230
2005,世界,200
2005,独自等待,200
2005,蜂机,200
2005,温布尔登,200
2005,36警局,178
2005,诅咒,175
2005,后备甜心,175
2005,城市别动队,153
2005,狂飙战警,150
2005,煎炸三宝,140
2005,我的野蛮女老师,140
2005,雷鸟惊航,120
2005,破釜沉舟,111
2005,虫不知,110
2005,公主复仇记,107
2005,查理和巧克力工厂,100
2005,丘吉尔的好莱坞生涯,100
2005,哭泣的拳头,100
2005,不死情谜,95
2005,逃逃碰着黑,85
2005,姚明年,80
2005,囚车驶向圣地,77
2005,银饰,71
2005,总统浪漫史,70
2005,铁血昆仑关,62
2005,隐面人,60
2005,青春爱人事件,50
2005,妃子笑,50
2005,尼罗河恋人,50
2005,红颜,46
2005,布达拉宫,40
2005,风起云涌,32
2005,姐姐词典,30
2005,挚爱,26
2005,终极挑战,20
2005,电影往事,14
2005,秋雨,3
2006,满城尽带黄金甲,29100
2006,夜宴,13000
2006,达芬奇密码,10583
2006,霍元甲,10500
2006,宝贝计划,9400
2006,碟中谍3,8120
2006,伤城,7430
2006,海神号,6883
2006,墨攻,6700
2006,博物馆奇妙夜,6484
2006,纳尼亚传奇,6100
2006,超人归来,6238
2006,加菲猫2之双猫记,5673
2006,南极大冒险,5547
2006,龙虎门,4900
2006,冰河世纪2：冰川融解,3631
2006,云水谣,3600
2006,非常人贩2,3038
2006,迈阿密风云,3000
2006,疯狂的石头,2534
2006, ,2400
2006,来电惊魂,2375
2006,防火墙,2244
2006,世贸中心,2250
2006,一级戒备,2235
2006,赛车总动员,2150
2006,X战警：背水一战,2100
2006,决战帝国,1624
2006,大电影,1600
2006,丛林大反攻,1570
2006,撒哈拉骑兵,1400
2006,卧虎,1300
2006,野蛮秘笈,1250
2006,春田花花同学会,1200
2006,双层公寓,1200
2006,大道如天,1150
2006,空中决战,1065
2006,第601个电话,1053
2006,战鸽快飞,1049
2006,神秘群岛,1005
2006,侠盗魅影,1000
2006,章鱼东河惊魂,1000
2006,生死倒计时,950
2006,雏菊,930
2006,天生一对,830
2006,我的长征,800
2006,理发师,780
2006,天狗,680
2006,一球成名,678
2006,爱·在路上,600
2006,赛场大反攻,550
2006,购物狂,520
2006,好奇害死猫,500
2006,真水无香,493
2006,雾都孤儿,451
2006,西岳奇童,400
2006,魔比斯环,365
2006,玉战士,360
2006,黑帮暴徒,330
2006,左麟右李,320
2006,妄想,318
2006,面纱,302
2006,海洋朋友,300
2006,战神再现,300
2006,天亮以后不分手,250
2006,致命温柔,242
2006,无影剑,230
2006,伯爵夫人,220
2006,伊莎贝拉,210
2006,血战到底,200
2006,脊梁,198
2006,喜马拉雅王子,400
2006,天行者,200
2006,三分钟先生,350
2006,看上去很美,156
2006,生死托付,150
2006,上海伦巴,150
2006,痴男怨女,150
2006,野人传奇,150
2006,父子,185
2006,图雅的婚事,200
2006,圆明园,544
2006,茶色生香,129
2006,无穷动,120
2006,白色星球,300
2006,狗狗心事,118
2006,殷雪梅,105
2006,浅蓝深蓝,100
2006,爱心,100
2006,芳香之旅,100
2006,虎女龙驹,100
2006,人鱼朵朵,100
2006,女人，女人,96
2006,别惹蚂蚁,100
2006,爱上爱,75
2006,我要成名,115
2006,阿司匹林,65
2006,不能忘却的长征,60
2006,魔鬼天使,60
2006,求偶二人组,49
2006,新街口,40
2006,租期,39
2006,梦想照进现实,40
2006,网络少年,37
2006,又见梅兰芳,31
2006,我们俩,30
2006,三峡好人,30
2006,恋爱地图,30
2006,幸运搏击,74
2006,爱的是你,22
2006,别爱陌生人,17
2006,生死速递,17
2006,泥鳅也是鱼,13
2006,十日天堂,13
2006,情暖万家,600
2006,天使的翅膀,10
2006,塔克拉玛干,10
2008,赤壁(上),31747
2008,非诚勿扰,31400
2008,画皮,22930
2008,长江七号,19320
2008,功夫之王,18600
2008,功夫熊猫,17043
2008,007大破量子危机,13702
2008,梅兰芳,11400
2008,大灌篮,11268
2008,木乃伊3：龙帝之墓,11000
2008,全民超人汉考克,10500
2008,叶问,9430
2008,钢铁侠,9200
2008,纳尼亚传奇2：凯斯宾王子,8200
2008,通缉令,7198
2008,三国之见龙卸甲,7057
2008,国家宝藏：夺宝秘笈,6970
2008,地心历险记（3D）,6776
2008,无敌浩克,6000
2008,十全九美,5235
2008,闪电狗,4460
2008,保持通话,4448
2008,江山美人,4300
2008,水啸雾都,3900
2008,爱呼2：爱情左右,3320
2008,黄金罗盘,3285
2008,龙之战,2960
2008,风云决,2910
2008,剑蝶,2900
2008,桃花运,2880
2008,女人不坏,2280
2008,急速赛车手,2210
2008,深海寻人,2197
2008,大搜查,1763
2008,文雀,1630
2008,飓风营救,1600
2008,预见未来,1587
2008,超强台风,1542
2008,荒村客栈,1535
2008,烈焰奇侠：黄金军团,1530
2008,赎罪,1506
2008,证人,1500
2008,危情24小时,1464
2008,密码疑云,1451
2008,精舞门,1380
2008,花花型警,1300
2008,淘金俏冤家,1300
2008,生死新纪元,1280
2008,大雄的奇幻大冒险,1277
2008,李米的猜想,1200
2008,速度与激情之A2狂飙,1150
2008,黄石的孩子,1140
2008,我们这一家,1100
2008,极速漂移,1100
2008,深湖巨兽,900
2008,我叫刘跃进,820
2008,双食记,750
2008,错爱,730
2008,当幸福来敲门,710
2008,硬汉,700
2008,葫芦兄弟,697
2008,蝴蝶飞,660
2008,呆呆精灵,595
2008,傲慢与偏见,572
2008,即日起程,520
2008,夺标,448
2008,高卢英雄大战凯撒王子,430
2008,狼牙,400
2008,27套礼服,400
2008,婚礼2008,375
2008,神探,370
2008,救我,365
2008,5颗子弹,350
2008,欣月童话,294
2008,潜艇总动员,292
2008,武术之少年行,210
2008,立春,198
2008,食神争霸,197
2008,时尚先生,180
2008,秘岸,160
2008,狂蟒惊魂,150
2008,回到白垩纪,150
2008,过界,110
2008,奇幻精灵历险记,90
2008,哈！哈！哈！,87
2008,两个人的房间,80
2008,50米生死线,60
2008,左右,60
2008,铁血北疆曲,51
2008,野蛮的温柔,44
2008,糊涂神判,40
2008,他们的船,39
2008,千钧一发,23
2008,烽火,20
2008,买买提的2008,15
2008,扈三娘与矮脚虎王英,12
2007,变形金刚1,26870
2007,集结号,24601
2007,投名状,19935
2007,蜘蛛侠3,14500
2007,哈利波特与凤凰社,13789
2007,色·戒,12480
2007,加勒比海盗：世界的尽头,11810
2007,007：大战皇家赌场,9250
2007,门徒,6260
2007,龙骑士,3435
2007,男儿本色,3400
2007,忍者神龟,3371
2007,不能说的秘密,3330
2007,命运呼叫转移,3287
2007,导火线,3100
2007,天堂口,2971
2007,兄弟之生死同盟,2900
2007,铁三角,2820
2007,灵魂战车,2781
2007,虎胆龙威4,2750
2007,时空线索,2474
2007,谍影重重3,2300
2007,憨豆的黄金周,2180
2007,美食总动员,2120
2007,哆啦A梦06剧场版：大雄的恐龙,2080
2007,王者之心,1958
2007,狮口惊魂,1660
2007,太阳照常升起,1600
2007,丑女大翻身,1550
2007,穿普拉达的女王,1540
2007,汉江怪物,1420
2007,通天塔,1415
2007,出租车4,1400
2007,美味情缘,1330
2007,双子神偷,1300
2007,落叶归根,1295
2007,合约情人,1240
2007,亚瑟和他的迷你王国,1230
2007,爱情呼叫转移,1200
2007,日本沉没,1200
2007,人生遥控器,1075
2007,南京,1020
2007,蓝莓之夜,1015
2007,风暴突击者,982
2007,苹果,950
2007,误入歧途,930
2007,棒子老虎鸡,880
2007,怪物史莱克3,763
2007,跟踪,750
2007,大白鲨之致命武器,745
2007,东方大港,667
2007,大电影2.0之两个傻瓜的荒唐事,600
2007,门,555
2007,森冤,553
2007,姨妈的后现代生活,510
2007,生日快乐,505
2007,戏王之王,490
2007,明明,430
2007,老港正传,395
2007,生死格斗,390
2007,夜·上海,355
2007,空战英豪,350
2007,猎狼犬,350
2007,绅士大盗,340
2007,快乐的大脚,300
2007,光荣岁月,300
2007,追爱总动员,270
2007,别拿自己不当干部,250
2007,神枪手与智多星,250
2007,十分爱,243
2007,夜袭,240
2007,功夫无敌,235
2007,每当变幻时,232
2007,天下第二,230
2007,闪闪的红星,200
2007,男才女貌,200
2007,舞女纯情,200
2007,红美丽,175
2007,女人本色,165
2007,信箱,150
2007,疯狂粉丝王,120
2007,八月一日,105
2007,女王,100
2007,大唐风云,55
2007,醒狮,50
2007,勇士,37
2007,战·鼓,35
2007,异冢,34
2007,请将我遗忘,28
2007,公仆,25
2007,神弓传奇,20
2007,我的香格里拉,20
2007,不完全恋人,20
2007,天地告白,15
2007,北京的哥,13
2009,2012,46597
2009,变形金刚2,42290
2009,建国大业,41922
2009,十月围城,29327
2009,三枪拍案惊奇,26062
2009,赤壁(下),25857
2009,风声,21630
2009,南京！南京！,17208
2009,哈利波特与混血王子,15635
2009,冰川时代3,15260
2009,特种部队,13076
2009,博物馆奇妙夜2,12132
2009,终结者2018,11232
2009,疯狂的赛车,10856
2009,游龙戏凤,10220
2009,大内密探灵灵狗,9940
2009,非常完美,9400
2009,飞屋环游记,9076
2009,窃听风云,8660
2009,花木兰,8322
2009,X战警前传：金刚狼,7889
2009,喜羊羊与灰太狼之牛气冲天,7599
2009,麦兜响当当,7060
2009,刺陵,6775
2009,动物总动员,6335
2009,七龙珠,6215
2009,风云2,5953
2009,星际迷航,5855
2009,玩命快递3,5845
2009,行动目标希特勒,5650
2009,贫民窟的百万富翁,5370
2009,机器侠,5154
2009,就是这样,4826
2009,阿童木,4545
2009,气喘吁吁,4070
2009,家有喜事2009,3540
2009,马达加斯加2：逃往非洲,3400
2009,怪兽大战外星人,3220
2009,神秘代码,3183
2009,赛车风云,3015
2009,骑劫地下铁,3015
2009,豚鼠特攻队,2655
2009,东邪西毒:终极版,2650
2009,时空穿越者,2604
2009,逃亡鳄鱼岛,2260
2009,白银帝国,2230
2009,超级女特工,2200
2009,奇异家族,2160
2009,倔强萝卜,2135
2009,海角七号,2065
2009,窈窕绅士,2025
2009,铁人,2024
2009,熊猫大侠,1999
2009,孤胆义侠,1990
2009,金钱帝国,1890
2009,爱得起,1890
2009,黑皮书,1793
2009,国家要案,1585
2009,扑克王,1479
2009,澳洲乱世情,1460
2009,寻找成龙,1435
2009,高考1977,1390
2009,护宝娇娃,1380
2009,高兴,1370
2009,非常主播,1362
2009,午夜出租车,1290
2009,第九区,1270
2009,追影,1220
2009,特工008,1210
2009,夜·店,1190
2009,暮光之城,1150
2009,斗牛,1110
2009,狼灾记,1020
2009,沂蒙六姐妹,1010
2009,伯纳德行动,987
2009,熊猫回家路,960
2009,麦田,940
2009,火星没事,935
2009,一夜迷情,935
2009,拉贝日记,930
2009,海云台,855
2009,红河,840
2009,马兰花,795
2009,恋爱前规则,730
2009,完美新娘,620
2009,机动部队-同袍,610
2009,哆啦A梦：大雄与绿巨人传,590
2009,惊天动地,580
2009,爱有来生,484
2009,仙境之桥,470
2009,秋喜,455
2009,齐天大圣前传,450
2009,真爱之吻,450
2009,十个约定,440
2009,神兵小将,400
2009,隋朝来客,325
2009,第一军规,315
2009,超能少年之烈维塔任务,300
2009,袁崇焕,300
2009,保持爱你,300
2009,亲密,298
2009,乐火男孩,250
2009,战无双,242
2009,我的唐朝兄弟,211
2009,麋鹿王,210
2009,台北飘雪,180
2009,回路,180
2009,七天爱上你,153
2009,欠我十万零五千,130
2009,夜玫瑰,120
2009,精灵女孩小卓玛,117
2009,男生贾里新传,116
2009,二十四城记,110
2009,我的女友是机器人,110
2009,天下第一串,102
2009,跳出去,100
2009,谁主名花,100
2009,玛丽和幼犬的故事,100
2009,爱情故事,90
2009,盗版猫,88
2009,声梦奇缘,65
2009,堂吉诃德外传,65
2009,喊过岭的故事,56
2009,袁隆平,56
2009,车票,40
2009,寻找尘微,35
2009,羊肉泡馍麻辣烫,10
2010,阿凡达,135000
2010,让子弹飞,66470
2010,唐山大地震,64775
2010,非诚勿扰2,47350
2010,盗梦空间,45714
2010,狄仁杰之通天帝国,29550
2010,爱丽丝梦游仙境,22380
2010,哈利·波特与死亡圣器(上),22110
2010,叶问2 宗师传奇,21955
2010,敢死队,21306
2010,赵氏孤儿,19630
2010,钢铁侠2,17270
2010,诸神之战,16710
2010,波斯王子：时之刃,16100
2010,大笑江湖,15895
2010,大兵小将,15380
2010,山楂树之恋,14413
2010,生化危机4,14320
2010,锦衣卫,14200
2010,精武风云·陈真,13668
2010,越光宝盒,12880
2010,全城热恋,12750
2010,喜羊羊与灰太狼2,12470
2010,杜拉拉升职记,12453
2010,枪王之王,12350
2010,玩具总动员3,11090
2010,孔子,9950
2010,危情谍战,9090
2010,怪物史莱克4,8875
2010,全城戒备,8800
2010,驯龙高手,8490
2010,大侦探福尔摩斯,7380
2010,危情时速,6752
2010,剑雨,6600
2010,邻家特工,6410
2010,西风烈,6340
2010,魔法师的学徒,6122
2010,花田囍事2010,5800
2010,未来警察,5790
2010,恋爱通告,5455
2010,唐伯虎点秋香2,5400
2010,苏乞儿,5390
2010,阿黛拉的非凡冒险,5250
2010,华尔街2,4983
2010,线人,4952
2010,决战刹马镇,4740
2010,功夫梦,4700
2010,谍海风云,4600
2010,罗宾汉,4500
2010,人在囧途,3690
2010,美丽密令,3620
2010,唐吉可德,3552
2010,七十二家租客,3310
2010,午夜心跳,3125
2010,猫头鹰王国,3080
2010,最后的风之子,2991
2010,东风雨,2932
2010,神火之盗,2910
2010,龙凤店,2883
2010,嘻游记,2770
2010,荒村公寓,2360
2010,七小罗汉,2310
2010,密室之不可告人,2109
2010,深海探奇,2070
2010,异度公寓,1910
2010,月满轩尼诗,1670
2010,无人驾驶,1620
2010,长江七号爱地球,1620
2010,我的野蛮女友2,1570
2010,火龙对决,1550
2010,岁月神偷,1530
2010,夺命手机,1500
2010,完美嫁衣,1460
2010,绝命岛,1420
2010,特工强档,1420
2010,李小龙 我的兄弟,1374
2010,海洋天堂,1340
2010,塔拉星球之战,1335
2010,爱出色,1300
2010,叶问前传,1270
2010,孤堡惊情,1250
2010,80’后,1200
2010,天地逃生,1150
2010,黑猫警长,1130
2010,我的美女老板,1090
2010,翡翠明珠,960
2010,亚瑟和他的迷你王国3,850
2010,新康定情歌,839
2010,鼠来宝：明星俱乐部,830
2010,举起手来2,828
2010,名侦探柯南,815
2010,等着你回来,810
2010,查理曼帝国的密码,792
2010,特工的特别任务,790
2010,K20变相黑侠,760
2010,三笑之才子佳人,740
2010,大玩家,740
2010,黑色闪电,740
2010,超蛙战士之初露锋芒,730
2010,出水芙蓉,710
2010,火线特攻,700
2010,不要回头,700
2010,一路有你,680
2010,爱情维修站,670
2010,古墓迷途,670
2010,功夫咏春,590
2010,决战豪门,560
2010,虎王归来,557
2010,舞出我人生2,532
2010,爱情36计,480
2010,跟我的前妻谈恋爱,470
2010,高度怀疑,460
2010,摇摆de婚约,450
2010,亚瑟和他的迷你王国2,445
2010,活该你单身,440
2010,庐山恋2010,427
2010,恋人絮语,410
2010,铠甲勇士之帝皇侠,340
2010,地牢围攻,340
2010,悍将双雄,340
2010,前度,335
2010,绑架冰激凌,255
2010,终极匹配,250
2010,孤胆拯救,240
2010,芳心终结者,205
2010,志明与春娇,185
2010,矮仔多情,177
2010,香奈儿秘密情史,175
2010,大劫难,166
2010,虹猫蓝兔火凤凰,150
2010,生死逃亡,148
2010,日照重庆,130
2010,异空危情,120
2010,感染列岛,88
2010,精舞门2,80
2010,西游新传,72
2010,老虎都要嫁,60
2010,北纬31度录像带,60
2013,西游·降魔篇,124625
2013,钢铁侠3,75320
2013,致我们终将逝去的青春,71758
2013,中国合伙人,53761
2013,北京遇上西雅图,51909
2013,小时代,48349
2013,超人：钢铁之躯,39393
2013,疯狂原始人,39393
2013,007：大破天幕杀机,37595
2013,星际迷航：暗黑无界,35342
2013,霍比特人1：意外旅程,31536
2013,天机·富春山居图,29982
2013,一代宗师,28780
2013,不二神探,28375
2013,厨子戏子痞子,27237
2013,虎胆龙威5,20093
2013,101次求婚,19990
2013,分手合约,19249
2013,云图,17008
2013,盲探,20924
2013,魔境仙踪,16406
2013,快乐到家,15352
2013,毒战,14679
2013,遗落战境,14817
2013,喜羊羊与灰太狼之喜气羊羊过蛇年,12491
2013,生化危机5：惩罚,11040
2013,侠探杰克,9706
2013,重返地球,21449
2013,逆世界,7371
2013,笑功震武林,7014
2013,洛克王国2圣龙的心愿,6943
2013,悲惨世界,6299
2013,忠烈杨家将,6169
2013,天台爱情,11977
2013,百星酒店,5526
2013,潜艇总动员3:彩虹宝藏,5718
2013,巨人捕手杰克,5407
2013,致命黑兰,5016
2013,劫案迷云,4422
2013,巴啦啦小魔仙,5173
2013,辛巴达历险记2013,3885
2013,开心超人,3540
2013,赛尔号大电影3之战神联盟,7629
2013,在一起,3288
2013,特警判官,3004
2013,太极侠,2748
2013,越来越好之村晚,3001
2013,枕边有张脸,2351
2013,同谋,2252
2013,圣诞玫瑰,2344
2013,电梯惊魂,2219
2013,夺宝联盟,2223
2013,魁拔之大战元泱界,2520
2013,被解救的姜戈,1784
2013,孤岛惊魂2,1671
2013,201314,1324
2013,爱神,1209
2013,赤警威龙,1278
2013,叶问：终极一战,1111
2013,女蛹,1189
2013,萨米大冒险2,1249
2013,杀戒,946
2013,绿林大冒险,916
2013,逆光飞翔,887
2013,临终囧事,779
2013,暗恋99天,703
2013,波鲁鲁冰雪大冒险,1219
2013,愤怒的小孩,844
2013,金太狼的幸福生活,560
2013,圣龙奇兵大冒险,570
2013,大叔，我爱你,476
2013,止杀令,449
2013,夺命追踪,816
2013,铁娘子：坚固柔情,560
2013,人间蒸发,431
2013,爱情银行,535
2013,咒丝,743
2013,楼,339
2013,一路狂奔,338
2013,午夜微博,535
2013,北漂鱼,332
2013,百家乐翻天,221
2013,杨光的快乐生活,207
2013,变身超人,237
2013,初恋未满,225
2013,星爸客,82
2013,喜剧王,59
2013,西柏坡2：王二小,170
2012,人再囧途之泰囧,126473
2012,泰坦尼克号3D,97712
2012,十二生肖,87991
2012,画皮2,72649
2012,碟中谍4,64883
2012,复仇者联盟,57595
2012,少年派的奇幻漂流,57095
2012,黑衣人3,52092
2012,冰川时代4：大陆漂移,45830
2012,地心历险记2：神秘岛,37144
2012,一九四二,37050
2012,蝙蝠侠前传3：黑暗骑士崛起,35115
2012,敢死队2,33590
2012,超凡蜘蛛侠,32044
2012,超级战舰,31824
2012,异星战场,26250
2012,寒战,25218
2012,听风者,24272
2012,普罗米修斯,22437
2012,谍影重重4,21947
2012,马达加斯加3,21490
2012,四大名捕,19760
2012,大侦探福尔摩斯2,18503
2012,饥饿游戏,18170
2012,搜索,17675
2012,大魔术师,17186
2012,诸神之怒,16588
2012,消失的子弹,16075
2012,喜羊羊与灰太狼之开心闯龙年,16331
2012,大海啸之鲨口逃生,15885
2012,黄金大劫案,15652
2012,太极1：从零开始,14700
2012,大上海,14928
2012,2012 3D,13647
2012,爱,13400
2012,环形使者,12928
2012,逆战,13006
2012,太极2英雄崛起,12180
2012,战马,11847
2012,飓风营救2,11642
2012,全面回忆,11670
2012,二次曝光,10785
2012,铜雀台,10295
2012,痞子英雄之全面开战,9150
2012,机械师,9250
2012,八星抱喜,7970
2012,我愿意,8298
2012,河东狮吼2,7072
2012,王的盛宴,7695
2012,我爱灰太狼,7300
2012,那些年，我们一起追的女孩,7500
2012,春娇与志明,7270
2012,血滴子,7172
2012,桃姐,7014
2012,晚秋,6686
2012,无敌破坏王,6362
2012,笔仙,6100
2012,危险关系,6230
2012,灵魂战车2：复仇时刻,5885
2012,在劫难逃,5325
2012,新天生一对,4974
2012,大追捕,4878
2012,快乐的大脚2,5333
2012,大闹天宫3D,4950
2012,麦兜当当伴我心,4915
2012,HOLD住爱,4660
2012,绣花鞋,4504
2012,饭局也疯狂,4328
2012,王者之剑3D,4400
2012,白雪公主之魔镜魔镜,4653
2012,三个火枪手,4358
2012,人狼大战,3945
2012,神奇海盗团,4145
2012,大武当之天地密码,3660
2012,第一次,3800
2012,太空一号,3600
2012,玩命追踪,3156
2012,赛尔号2：雷伊与迈尔斯,3330
2012,边境风云,3041
2012,铁血精英,3213
2012,守护者联盟,2850
2012,车手,2978
2012,男人如衣服,3112
2012,勇敢传说,2855
2012,非常小特务4,2747
2012,夺命金,2535
2012,匹夫,2651
2012,嫁个100分男人,2540
2012,摩尔庄园2之海妖宝藏,2580
2012,我老公不靠谱,2592
2012,笔仙惊魂,2465
2012,萨米大冒险,2680
2012,胡桃夹子：魔境冒险,2744
2012,双城计中计,2290
2012,雨果,2195
2012,情谜,2110
2012,十二星座离奇事件,2040
2012,杀生,1995
2012,高海拔之恋2,2100
2012,奥特曼：超决战！贝利亚尔银河帝国,2005
2012,雨中的树,2365
2012,潜艇总动员2,1700
2012,迈阿密行动,1698
2012,搞定岳父大人,1800
2012,追凶,1515
2012,恐怖旅馆,1526
2012,赛德克·巴莱 内地版,1730
2012,黑衣女人,1703
2012,真心话大冒险,1514
2012,特工争风,1785
2012,普罗旺斯惊魂记,1590
2012,老雷斯的故事,1372
2012,疯狂的蠢贼,1361
2012,谍影重重4,1330
2012,纽约行动,1293
2012,秘鲁大冒险3D,1467
2012,百万巨鳄,1286
2012,诡爱,1225
2012,变节-潜罪犯,1242
2012,幻影追凶,1268
2012,亲家过年,1202
2012,忠诚与背叛,1600
2012,猪猪侠之囧囧危机,1210
2012,安娜卡列尼娜,1315
2012,金箍棒传奇,1081
2012,伤心童话,1086
2012,半夜不要照镜子,1206
2012,天生爱情狂,1127
2012,形影不离,925
2012,浮城大亨,930
2012,目击者,878
2012,神探亨特张,845
2012,青魇,857
2012,铁线虫入侵,743
2012,冰雪11天,873
2012,地下室惊魂,740
2012,夜店诡谈,692
2012,给野兽献花,811
2012,杀手欧阳盆栽,576
2012,秘密花园,544
2012,凶间雪山,755
2012,爱在那一天,570
2012,无间罪：僵尸重生,580
2012,超蛙战士之威武教官,505
2012,国王的演讲,650
2012,兵临城下之决战要塞,520
2012,宝岛双雄,730
2012,乐翻天,580
2012,爆笑角斗士,500
2012,我是大熊猫,413
2012,三个未婚妈妈,472
2012,2012喜上加喜,600
2012,飞越老人院,523
2012,宝贝女儿好妈妈之吃记忆的大雪球,460
2012,新妈妈再爱我一次,592
2012,荒岛情未了,420
2012,重返大海,385
2012,一次别离,440
2012,恋爱三万英尺,336
2012,饮食男女2012,470
2012,玩命时光,255
2012,犀利人妻,290
2012,豪门生死恋,195
2012,艺术家,424
2012,异度迷局,293
2012,稍安勿躁,150
2012,邂逅幸福,153
2012,浮出水面的影子,198
2012,毕业那年,87
2011,变形金刚3,109520
2011,功夫熊猫2,61085
2011,金陵十三钗,59230
2011,龙门飞甲,54055
2011,加勒比海盗4,46670
2011,哈利波特与死亡圣器(下),41305
2011,建党伟业,41196
2011,失恋33天,35165
2011,特种部队2：眼镜蛇的逆袭,33429
2011,蓝精灵,25985
2011,速度与激情5,25770
2011,洛杉矶之战,22413
2011,窃听风云2,21730
2011,新少林寺,21030
2011,白蛇传说,20340
2011,猩球崛起,20320
2011,将爱情进行到底,20280
2011,武林外传,18310
2011,画壁,18096
2011,武侠,17515
2011,最强囍事2011,16440
2011,关云长,15897
2011,鸿门宴,15290
2011,喜羊羊与灰太狼3,14820
2011,铁甲钢拳,14320
2011,致命伴旅,14160
2011,倩女幽魂,14155
2011,里约大冒险,13845
2011,丁丁历险记：独角兽的秘密,13225
2011,白鹿原,12975
2011,创战纪,12840
2011,纳尼亚传奇3,12650
2011,夺命深渊,11895
2011,关键第四号,11435
2011,亲密敌人,11039
2011,财神客栈,10377
2011,雷神,9815
2011,单身男女,9615
2011,美国队长,9615
2011,孤岛惊魂,9000
2011,杨善洲,8025
2011,东成西就2011,7885
2011,赛车总动员2,7875
2011,惊天战神,7779
2011,战国,7765
2011,绿灯侠,7300
2011,源代码,7190
2011,观音山,6930
2011,全球热恋,6730
2011,我知女人心,6690
2011,飞天,6420
2011,狂暴飞车,6320
2011,辛亥革命,6228
2011,最爱,5760
2011,天际浩劫,5725
2011,永无止境,5025
2011,神奇侠侣,4970
2011,大武生,4920
2011,美少女特攻队,4775
2011,熊猫总动员,4540
2011,赛尔号,4345
2011,倾城之泪,4240
2011,女巫季节,3892
2011,驱魔者,3800
2011,杨门女将之军令如山,3750
2011,雪花秘扇,3555
2011,洛克王国！圣龙骑士,3340
2011,幸福额度,3335
2011,寻龙夺宝,3225
2011,假装情侣,3195
2011,赤焰战场,3180
2011,宇宙英雄之超银河传说,3115
2011,暮光之城4：破晓,3075
2011,柯南2011：沉默的15分钟,3060
2011,战略特勤组,2985
2011,五月天追梦3DNA,2802
2011,海洋,2740
2011,我爱HK 开心万岁,2720
2011,车在囧途,2695
2011,危情三日,2335
2011,硬汉2奉陪到底,2315
2011,B+侦探,2300
2011,整编特工,2290
2011,极速天使,2265
2011,不再让你孤单,2260
2011,无价之宝,2235
2011,刀见笑,2200
2011,巴黎宝贝,2195
2011,深海之战,2140
2011,终极快递,2120
2011,开心魔法,2035
2011,魔法奇幻秀,1810
2011,郭明义,1805
2011,深度谜案,1805
2011,摩尔庄园冰世纪,1790
2011,守望者：罪恶迷途,1765
2011,影子爱人,1760
2011,夺命心跳,1625
2011,兔侠传奇,1620
2011,星空,1610
2011,梦宅诡影,1580
2011,密室之不可靠岸,1560
2011,激战运钞车,1535
2011,丛林有情狼,1465
2011,床下有人,1405
2011,B区32号,1395
2011,隐婚男女,1385
2011,超能游戏者,1375
2011,三傻大闹宝莱坞,1310
2011,紫宅,1280
2011,肩上蝶,1260
2011,孤胆特工,1200
2011,爱到底,1155
2011,梦游3D,1025
2011,大人物,1015
2011,醉后一夜,990
2011,致命请柬,990
2011,精英部队：大敌当前,990
2011,回马枪,895
2011,双重身份,890
2011,李献计历险记,870
2011,迷踪：第九鹰团,865
2011,夜惊魂,825
2011,迷途追凶,820
2011,不明身份,770
2011,无极限之危情速递,745
2011,玩命狙击,710
2011,男得有爱,690
2011,戒烟不戒酒,690
2011,一夜未了情,680
2011,钢的琴,655
2011,与时尚同居,630
2011,午夜凶梦,620
2011,翻滚吧！阿信,600
2011,奇袭60阵地,550
2011,奋斗,545
2011,我们约会吧,510
2011,水落石出,495
2011,夏日乐悠悠,495
2011,追爱,480
2011,像小强一样活着,474
2011,宅男总动员,467
2011,转山,460
2011,遍地狼烟,455
2011,万有引力,430
2011,巨额交易,420
2011,恋爱恐慌症,410
2011,黄沙武士,410
2011,爱封了,386
2011,房不剩防,370
2011,挪威的森林,365
2011,热浪球爱战,330
2011,疾速行动,330
2011,秋之白华,325
2011,蛋炒饭,310
2011,魁拔,305
2011,再吻我一次,305
2011,恐龙宝贝,300
2011,无底洞,300
2011,老夫子之小水虎传奇,300
2011,黑暗终结者,295
2011,歼十出击,280
2011,倩女幽魂87版,280
2011,跟踪孔令学,277
2011,劳拉的星星在中国,255
2011,敏感事件,220
2011,囧探佳人,195
2011,嘿·店,180
2011,幸福卡片,170
2011,蔡李佛-极限拳速,160
2011,左利军,160
2011,岁岁清明,155
2011,藏獒多吉,135
2011,光棍终结者,120
2011,芳香之城传奇,120
2011,鸡排英雄,120
2011,闯堂兔,110
2011,堵车,110
2011,侠盗石川,110
2011,2012来了,110
2011,西柏坡,97
2011,英雄喋血,95
2011,新月魅影,95
2011,双人床条约,95
2011,少年岳飞传奇,90
2011,湘江北去,75
2011,钢琴木马,73
2011,竞雄女侠秋瑾,70
2011,非常营救,65
2011,惊沙,65
2011,蔡李佛拳,65
2011,你是哪里人,60
2011,一路惊心,45
2011,失控,40
2011,云下的日子,40
2011,大太阳,35
2011,极速先锋,30
2011,无界之地,25
2011,正·青春,20
2011,完美的爱,20
2014,变形金刚4：绝迹重生,197509
2014,心花路放,116971
2014,西游记之大闹天宫,104343
2014,智取威虎山（3D）,88135
2014,星际穿越,75354
2014,X战警：逆转未来,72229
2014,美国队长2,71995
2014,猩球崛起2：黎明之战,70784
2014,爸爸去哪儿,69597
2014,分手大师,66495
2014,后会无期,62857
2014,匆匆那年,60350
2014,银河护卫队,59542
2014,超凡蜘蛛侠2,58539
2014,澳门风云,52463
2014,小时代3：刺金时代,52131
2014,一步之遥,51107
2014,哥斯拉,48126
2014,霍比特人：史矛革之战,46259
2014,同桌的妳,45557
2014,敢死队3,45190
2014,极品飞车,41154
2014,京城81号,41149
2014,明日边缘,40630
2014,北京爱情故事,40537
2014,驯龙高手2,40301
2014,白发魔女传之明月天国,38905
2014,忍者神龟：变种时代,38520
2014,亲爱的,34286
2014,神偷奶爸2,32375
2014,机械战警,31478
2014,窃听风云3,30816
2014,冰雪奇缘,29817
2014,沉睡魔咒,29614
2014,归来,29138
2014,微爱之渐入佳境,28565
2014,超体,27706
2014,催眠大师,27376
2014,马达加斯加的企鹅,25197
2014,熊出没之夺宝熊兵,24786
2014,里约大冒险2,24239
2014,撒娇女人最好命,22865
2014,一生一世,22781
2014,老男孩之猛龙过江,20871
2014,闺蜜,20459
2014,痞子英雄2：黎明升起,20370
2014,太平轮：乱世浮生,19867
2014,单身男女2,19842
2014,四大名捕大结局,19223
2014,暴力街区,18731
2014,黄飞鸿之英雄有梦,18204
2014,一触即发,16058
2014,我的早更女友,16028
2014,移动迷宫,14986
2014,重生之门,14262
2014,安德的游戏,13870
2014,前任攻略,12961
2014,超验骇客,12582
2014,天才眼镜狗,12156
2014,十万个冷笑话,11953
2014,狂怒,11829
2014,一个人的武林,11769
2014,不惧风暴,11024
2014,魔警,10831
2014,空中营救,10525
2014,白日焰火,10256
2014,临时同居,10104
2014,庞贝末日,9753
2014,反贪风暴,9530
2014,绣春刀,9339
2014,喜羊羊与灰太狼之飞马奇遇记,8715
2014,整容日记,8429
2014,宙斯之子：赫拉克勒斯,8251
2014,六福喜事,8078
2014,救火英雄,7712
2014,分歧者：异类觉醒,7643
2014,触不可及,7588
2014,雪国列车,7462
2014,英雄之战,7450
2014,露水红颜,6587
2014,赛尔号大电影4：圣魔之战,6231
2014,神秘世界历险记2,6230
2014,盗马记,6220
2014,秦时明月大电影之龙腾万里,5985
2014,神笔马良,5836
2014,龙之谷：破晓奇兵,5753
2014,别惹我,5640
2014,脱轨时代,5440
2014,黄金时代,5149
2014,笔仙III,5031
2014,笔仙惊魂3,5016
2014,火鸡总动员,4950
2014,潜艇总动员4：章鱼奇遇记,4812
2014,洛克王国3之圣龙的守护,4752
2014,盟军夺宝队,4670
2014,冰川时代：融冰之灾（3D）,4400
2014,猪猪侠之勇闯巨人岛,4358
2014,铠甲勇士之雅塔莱斯,4305
2014,麦兜我和我妈妈,4250
2014,新大头儿子和小头爸爸之秘密计划,4228
2014,斑马总动员,3939
2014,甜蜜杀机,3710
2014,绝命航班,3630
2014,抢劫坚果店,3619
2014,全城通缉,3486
2014,家园防线,3240
2014,天河,3099
2014,昆虫总动员,2909
2014,考拉大冒险,2890
2014,完美假妻168,2850
2014,大话天仙,2798
2014,开心超人2：启源星之战,2760
2014,疯狂72小时,2727
2014,鸣梁海战,2655
2014,摩纳哥王妃,2613
2014,辛巴达历险记2,2587
2014,怨灵人偶,2578
2014,大力神,2520
2014,极地大冒险2,2441
2014,百变爱人,2400
2014,魁拔Ⅲ,2374
2014,3D食人虫,2241
2014,好命先生,2200
2014,夜莺,2189
2014,魔幻仙踪,2180
2014,谁说我们不会爱,2140
2014,机器纪元,2108
2014,美国骗局,2080
2014,我在路上最爱你,2070
2014,碟仙诡谭,1981
2014,幻影车神：魔盗激情,1951
2014,巴啦啦小魔仙之魔法的考验,1914
2014,丛林之王,1893
2014,怨灵,1882
2014,81号农场之疯狂的麦咭,1832
2014,白雪公主之矮人力量,1771
2014,末日浩劫,1696
2014,不能说的夏天,1663
2014,美女与野兽,1632
2014,床下有人2,1491
2014,人间·小团圆,1428
2014,过界男女,1425
2014,大话西游之大圣娶亲,1404
2014,男人不可以穷,1372
2014,夜半梳头,1330
2014,推拿,1314
2014,我的播音系女友,1280
2014,女生宿舍,1264
2014,恐怖电影院,1219
2014,驯龙骑士,1190
2014,冬荫功2：拳霸天下,1157
2014,赞鸟历险记,1140
2014,火线反攻,1140
2014,龟兔再跑,1092
2014,江湖论剑实录,1090
2014,等一个人咖啡,1054
2014,天上的菊美,1036
2014,不再说分手,1030
2014,大话西游之月光宝盒,1018
2014,深夜前的五分钟,1003
2014,坏姐姐之拆婚联盟,985
2014,动物也疯狂,983
2014,西藏天空,935
2014,绝密跟踪,906
2014,密道追踪之阴兵虎符,888
2014,最佳嫌疑人,870
2014,狂野非洲（3D）,865
2014,聪明的一休之反斗公主,798
2014,恶战,797
2014,还魂之迷失曼谷,770
2014,爱情进化论,754
2014,洋妞到我家,743
2014,特工艾米拉,730
2014,美人邦,715
2014,诡八楼,704
2014,化妆师,670
2014,我就是我,650
2014,死亡邮件,640
2014,拆散专家,636
2014,孤胆保镖,630
2014,挑战者联盟,620
2014,花咒,617
2014,非狐外传,590
2014,诡替身,590
2014,封门村,566
2014,怖偶,560
2014,死亡派对,535
2014,闪魂,526
2014,秘术,493
2014,激浪青春,480
2014,分手达人,430
2014,蓝色骨头,410
2014,林中小屋(2014中国版),400
2014,火山对对碰,390
2014,求爱嫁期,380
2014,绝命逃亡,370
2014,孤岛,355
2014,太空熊猫总动员,350
2014,城市游戏,325
2014,缘来是游戏,324
2014,李可乐寻人记,317
2014,谁动了我的梦想,308
2014,永远的焦裕禄,299
2014,我想结婚的时候你在哪,281
2014,硬汉奶爸,271
2014,下一站再爱你,254
2014,心咒,243
2014,香气,232
2014,Q版三国之三小强,221
2014,忘了去懂你,214
2014,摩登森林之美食总动员,212
2014,警察日记,206
2014,江南爱情故事,202
2014,放手爱,198
2014,虐面人之死灵面膜,195
2014,有一天,193
2014,我的青春蜜友,174
2014,21岁派对,168
2014,狙击时刻,162
2014,超萌英雄,156
2014,一号目标,150
2014,喵星少年漂流记,140
2014,黄克功案件,135
2014,爱你一世一生,130
2014,我是狼,130
2014,斐济99℃爱情,126
2014,大宅男,115
2014,我们毕业的夏天,102
2014,破局,100
2014,黑月,96
2014,精武青春,93
2014,古堡之吻,86
2014,一个温州的女人,83
2014,潜龙风云,83
2014,再爱一次好不好,76
2014,命运派对,75
2014,我是你的野蛮女友,75
2014,夺樽,70
2014,求爱大作战,70
2014,爱情狂想曲,58
2014,0.5的爱情,55
2014,大峰祖师,48
2014,第一眼爱情,47
2014,十二生肖城市英雄,43
2014,永春白鹤拳之擎天画卷,43
2014,与贼同屋,41
2014,U盘,41
2014,恋者多喜欢,38
2014,37次想你,37
2014,菊花台,36
2014,这个大叔不太囧,33
2014,飞鱼秀,32
2014,海神密码,30
2014,近距离击杀,30
2014,卧龙岗,29
2014,青春.com,28
2014,神通佛影,26
2014,飞跃地心,26
2014,黎明之眼,25
2014,爱你不等来生,20
2014,换爱七日,18
2014,哭恋,14
2014,等你追我,8
2014,神剑传奇,8
2014,斗茶,7
2014,环城七十里,6
2014,从哪来，到哪去,6
2014,街舞小子,6
2014,青春时光,6
2014,我不是贼,5
2014,分手木马计,5
2014,森林孤影,3
2014,凤凰台,2
2014,凡人烦恼,2
2014,我要你开花,暂无
2014,金秋鹿鸣,暂无
2014,王牌,暂无
2014,向阳花开,暂无
2014,破五,未知
2014,末日情人,未知
2020,鹭世界,496.6
1997,美丽人生,5812.4
2020,变身特工,10353.1
2014,龙之谷：破晓奇兵（,5767.4（总计）
2020,野猪,129.2
2020,别告诉她,411.6
2020,理查德·朱维尔的哀歌,570.8
2020,为家而战,1718.6
2020,紫罗兰永恒花园外传,4859.9
2020,鲨海逃生,4732.1
2020,动物特工局,4428.2
2020,守望人,123.3
2020,第一次的离别,469
2009,风声（,21705.6（总计）
2017,寻梦环游记（,122958.7（总计）
2008,当幸福来敲门（,985.4（总计）
2018,何以为家（,37692.7（总计）
2015,夏洛特烦恼（,144768.4（总计）
2016,疯狂动物城（,153448.9（总计）
2020,喋血战士,4545.6
2020,多力特的奇幻冒险,13608.4
2014,超能陆战队（,52726.1（总计）
2019,乔乔的异想世界,1134.1
2020,抵达之谜,2535.4
2020,妙先生,1310.5
2020,刺猬索尼克,1994.2
2020,白狮奇缘,88.1
2020,白云之下,149.7
2020,呆瓜兄弟,8.3
2014,星际穿越（,87681.3
2020,十三猎杀,790.8
2020,1917,6911
2020,旺扎的雨靴,29.1
2020,极速车王,1566.2
2002,哈利·波特与魔法石（,19155（总计）
2020,绝地战警：疾速追击,3514.4
2018,悲伤逆流成河（,35747.4（总计）
2020, 辣警霸王花：澳门行动,11.1
2020,禹神传之王者少年,507.7
2020,再见，陌生人,43.7
2020,1/2的魔法,7050.3
2020,魔发精灵2,687.3
2020,八佰,309448.2
2020,北平会馆,823.5
2020,荞麦疯长,5168.5
2020,小妇人,4730.3
2020,我在时间尽头等你,50182.7
2020,今生只为遇见你,0.61
2020,漫长的告别,81.6
2010,盗梦空间（,49589.5（总计）
2020,信条,45507.1
2020,假面饭店,1701.6
2020,半条被子,51.3
2020,阿里巴巴与神灯,2143.2
2020,新愚公移山,186.1
2020,未知嫌疑人,141
2020,辉夜大小姐想让我告白,1.5
2020,我的女友是机器人,4252
2020,花木兰,27726.5
2020,极寒风暴,83.9
2020,通往春天的列车,324
2020,麦路人,1796
2020,邻里美好的一天,196.4
2020,死无对证,2934.6
2020,蓝色防线,713.6
2020,萌宠流浪记,1116.1
1999,菊次郎的夏天,895.3
2020,夺冠,83485.2
2020,急先锋,29294.6
2020,姜子牙,160017.3
2020,我和我的家乡,282653.2
2020,2019阅兵盛典,2719
2020,一点就到家,31216.8
2020,再见吧！少年,350.8
2020,七号房的礼物,1451.9
2020,喜宝,11345.1
2020,掬水月在手,782.5
2020,秀美人生,5259.2
2020,木兰：横空出世,788.1
2020,天道王,2516.1
2020,82号古宅,766.8
2018,达芬奇大冒险：拯救蒙娜丽莎,204.6
2018,以寡敌众,54
2020,父子拳王,39.4
2020,一丈天地,6
2020,罗非是条鱼,2.3
2020,四年二班,15.5
2020,云做的翅膀,2.3
2020,飞奔去月球,535
2020,金刚川,112295.7
2020,数码宝贝：最后的进化,12528.3
2020,月半爱丽丝,2851.6
2020,网络凶铃,1503.3
2020,红色警戒,34.5
2020,风平浪静,8353.4
2020,未来的未来,998.9
2020,光,342.2
2020,地狱男爵：血皇后崛起,8624.8
2020,达琳达,10.5
2020,一日成交,73.4
2020,热血合唱团,7001.8
2020,汪汪队立大功之超能救援,7907.2
2020,热气球飞行家,2113.6
2020,野性的呼唤,3427.7
2020,马永贞之闸北决,569.9
2020,九条命,158.7
2020,翱翔雄心,140.9
2020,婚前故事,150
2020,冬去冬又来,25.6
2020,橙妹儿的时代,60.1
2020,守望相思树,324.6
2020,天边加油站,64.4
2020,爱情呼叫等待,33.3
2020,气·球,666.4
2020,海兽之子,1636
2020,除暴,53777.1
2020,末日逃生,3423.7
2020,天堂的张望,31.9
2020,妈祖回家,36.8
2020,天下无拐,3.1
2016, 麦兜·饭宝奇兵（,1964.2（总计）
2020,应承,95.6
2019,流浪地球（,417.6
2020,一秒钟,13123.3
2020,日光之下,107
2020,疯狂原始人2,35323.4
2020,闺蜜心窍,397.2
2020,隐形人,2559.3
2002,赤狐书生,18566.9
2020,如果声音不记得,33515.8
2020,宝可梦：超梦的逆袭 进化,1618.3
2020,怪物猎人,3388.4
2020,棒！少年,785.3
2020,沐浴之王,40471.1
2020,哆啦A梦：大雄的新恐龙,6479.6
2020,少女佳禾,782.2
2018,城市猎人,243.6
2019,猎杀T34,2324.7
2020,神奇女侠1984,16716.4
2020,紧急救援,48507.6
2020,奇妙王国之魔法奇缘,1004.7
2020,光语者,38.4
2020,拆弹专家2,131382.5
2020,明天你是否依然爱我,6911.5
2020,封口者,227.3
2020,晴雅集,44271.3
2020,心灵奇旅,37620.6
2020,送你一朵小红花,143246
2020,温暖的抱抱,86429.7
2008,崖上的波妞,2832.9
2021,小破孩大状元,171.8
2021,海底小纵队：火焰之环,5318.7
2021,老爷保号,299.7
2019,点点星光,617.9
2021,京北的我们,14
2021,长安伏妖,306.6
2021,没有过不去的年,5137.8
2021,叱咤风云,501
2021,许愿神龙,16811.9
2021,缉魂,11094
2020,天后小助理,20.4
2019,与我跳舞,66.7
2021,武汉日夜,2393.7
2018,指挥家,135
2021,大红包,23370.3
2021,幸运电梯,105.7
2019,小伟,144.4
2021,魔法鼠乐园,319.6
2021,吉祥如意,1359.9
2021,移情高手,151.6
2018,温泉屋的小老板娘,877.3
2018,蜂鸟计划,325.7
2021,出手吧！女生,35.2
2021,唐人街探案3,452234.3
2021,刺杀小说家,103523
2021,侍神令,27406.9
2021,你好，李焕英,541330.3
2021,人潮汹涌,76247.6
2021,熊出没·狂野大陆,59655.2
2021,新神榜：哪吒重生,45648.9
2021,郊区的鸟,60.2
2021,猫和老鼠,10479
2021,千顷澄碧的时代,906.2
2021,寻龙传说,12753
2021,错爱迷踪,527
2021,风吹浪涌,32.5
2021,合法伴侣,1069.4
2021,五尺天涯,685.7
2021,边境迷雾,13.8
2010,阿凡达（,171545.2（总计）
2020,波斯语课,3632.3
2021,日不落酒店,1953.8
2020,又见奈良,502.1
2019,21座桥,2862.4
2021,非正式爱情,215.3
2021,哥斯拉大战金刚,123261.5
2021,圣山村谜局,445.5
2021,我的姐姐,86018.4
2021,第十一回,7397.7
2021,西游记之再世妖王,11238.6
2021,明天会好的,3056.2
2021,生生,10.6
2021,进城记,266.1
2021,小美人鱼的奇幻冒险,1167.8
2021,奇异世界历险记,269.1
2021,超级的我,938.9
2021,工作细胞：细胞大作战,757.5
2002,指环王1：护戒使者（,6079.8
2021,八月未央,6795.3
2021,猎心之血亲,34.2
2021,六人-泰坦尼克上的中国幸存者,377.9
2021,名侦探柯南：绯色的子弹,21608.9
2003,指环王2：双塔奇兵（,5057.3（总计）
2021,记忆切割,336.3
2021,你的婚礼,78923.5
2021,悬崖之上,119004.6
2021,秘密访客,21487.5
2021,扫黑·决战,40547.6
2021,阳光劫匪,4374.7
2021,追虎擒龙,24361.9
2021,真·三国无双,1557.6
2021,寻汉计,403.9
2021,恐龙飞车,26.5
2021,猪猪侠大电影·恐龙日记,7931.5
2021,人之怒,16634
2004,指环王3：王者无敌,8630（总计）
2021,无罪谋杀：科林尼案,436.9
2021,感动她77次,3222.1
2021,一百零八,3114.6
2021,柳青,353.2
2021,速度与激情9,139233.4
1995,情书（,6521
2021,白蛇传·情,2137.2
2021,哆啦A梦：伴我同行2,27757.1
2021,迷妹罗曼史,239.6
2021,寂静之地2,24949.9
2021,九零后,1105.6
2021,匹诺曹,1678.1
2021,有一点动心,1446.4
2021,普罗米亚,2014
2021,黑白魔女库伊拉,15470.9
1988,天堂电影院,1999.4
2019,你好世界,13647
2021,比得兔2：逃跑计划,19778.1
2021,阳光姐妹淘,9497.9
2021,当男人恋爱时,26416.9
2021,夏夜骑士,28.1
2021,候鸟,909.1
2021,玄夜狐影,130.5
2021,火山地狱,813.7
2021,热带往事,6408.3
2021,超越,14286.3
2021,疯狂丑小鸭2靠谱英雄,972.8
2021,潜艇总动员8：地心游记,2518.9
2021,困在时间里的父亲,3161.8
2021,只是一次偶然的旅行,117.7
2021,了不起的老爸,14872.4
2021,离秋,20.5
2021,守岛人,13554.7
2021,我没谈完的那场恋爱,5009.2
2021,完美受害人,1314.8
2021,遇见喵星人,116.3
2021,三只小猪3：正义大联萌,398.7
2021,革命者,13689.3
2021,1921,50388.8
2021,狼行者,1346.9
2021,俑之城,6990.1
2021,再见汪先森,1353.5
2021,大学,726.3
2021,新大头儿子和小头爸爸4,9327.8
2021,中国医生,132818.8
2021,红船,1082.6
2021,天工苏作,28.9
2021,二哥来了怎么办,3050.4
2021,天下无拐,118.2
2021,济公之降龙降世,4064
2021,终极代码,1132.1
2021,足球爸爸,31.5
2021,摇摆神探,30.3
2021,燃野少年的天空,16101.6
2021,三湾改编,2414.6
2021,白蛇2：青蛇劫起,58020
2021,贝肯熊2：金牌特工,8145.8
2021,大城大楼,2581.3
2021,巧虎魔法岛历险记,1323.1
2021,怒火·重案,132925.9
2021,盛夏未来,38673.3
2021,直立象传说,87.4
2021,我的父亲焦裕禄,2821.4
2021,危险记忆,124.7
2021,流浪猫鲍勃2：鲍勃的礼物,1477.7
2021,我的爸爸是森林之王2,1118.9
2021,西游记之再世妖王（,11453.8（总计）
2021,深爱,535.1
2021,测谎人,2788
2021,兔子暴力,2665.2
2021,乔西的虎与鱼,685.5
2021,夏日友晴天,8769.7
2021,你的情歌,213
2021,忠犬流浪记,683.6
2021,独家头条：初露锋芒,21.5
2021,再见，少年,2024.5
2021,混沌行走,664.3
2021,失控玩家,61248.3
2021,白马王子,192.5
2021,最后一间房,1459.9
2021,龙虎武师,99.8
2021,小小港湾,28.7
2021,明日之战,12386
2021,1950他们正年轻,1084.8
2021,不期而遇的夏天,453.3
2021,妈妈的神奇小子,1778.1
2021,梦境人生,734
2021,陪你很久很久,9257.2
2021,宝可梦：皮卡丘和可可的冒险,5146.5
2021,高卢英雄：魔法的秘密,151.6
2021,峰爆,43771.5
2021,我的青春有个你,6220.5
2021,山海经之小人国,1385.6
2021,关于我妈的一切,15007.9
2021,日常幻想指南,2486.3
2021,狗果定理,103.6
2021,一直游到海水变蓝,695.2
2021,天上的孩子,27.6
2021,长津湖,577136
2021,五个扑水的少年,6268.7
2021,我和我的父辈,147670.6
2021,皮皮鲁与鲁西西之罐头小人,5784.4
2021,老鹰抓小鸡,3476.8
2021,大耳朵图图之霸王龙在行动,5404.5
2021,探探猫人鱼公主,562.7
2021,拯救甜甜圈：时空大营救,3838.1
1958,永不消逝的电波（,303.9
2021,兰心大剧院,2170.8
2021,图兰朵：魔咒缘起,1889.8
2021,平行森林,22.4
2021,沙丘,25387.3
2021,极盗行动,149.9
2021,不速来客,6732.6
2021,第一炉香,6421.5
2021,青苔花开,34.1
2021,京剧搜孤救孤,5.9
2021,入殓师,6622.6
2021,007：无暇赴死,41454.1
2021,越界,1509
2021,乌海,1500.2
2021,我是监护人,377
2021,演员,325.3
2021,漫漫寻子路,19.7
1983,天书奇谭（4K纪念版 ）（,2780.4
2021,不老奇事,3611.2
2021,特种部队：蛇眼起源,1143.8
2021,蜜熊的音乐奇旅,685.1
2021,信者,345.1
2021,猪迪克之蓝海奇缘,487.6
2021,世上只有妈妈好,47.1
2021,扬名立万,92667.5
2021,我的初恋十八岁,40.1
2021,梅艳芳,11339.3
2021,丛林奇航,4488.7
2021,门锁,24226.2
2021,芒咕的动物城,561.2
2021,铁道英雄,14243.4
2021,野马分鬃,1174.5
2021,银行家,1940.4
2021,捞世界,33
2021,古董局中局,42995
2021,我们是第一书记,300.8
2021,你的世界如果没有我,3034.8
2021,哦！文姬,290.7
2021,只要你过得比我好,509.2
2021,无尽攀登,300.4
2021,笨鸟大冒险,487.9
2021,曾经相爱的我们,3603.1
2021,第四面墙,134
2021,盲琴师,2.4
2021,反恐特战队：清盘行动,71.2
2021,秘不可言,149.1
2021,摇滚藏獒：蓝色光芒,226.8
2021,雄狮少年,24958.9
2021,误杀2,112143.1
2021,跨过鸭绿江,10404.1
2021,不欺不遇,13.1
2021,爱情神话,26031.9
2021,穿过寒冬拥抱你,93666.5
2021,反贪风暴5：最终章,62893.6
2021,以年为单位的恋爱,23198.2
2015,闯堂兔2疯狂马戏团,2099.5
2015,龙骑侠,1042.7
2015,博物馆奇妙夜3,32295.7
2013,一代宗师,6289.2
2015,重返20岁,36590.3
2015,前目的地,1235
2015,安妮：纽约奇缘,345.4
2015,亡命地中海,879.3
2015,天生有福,2.5
2004,功夫,2556.9
2015,桔子的天空,15.6
2015,暴走神探,2454.5
2015,谍·莲花,2057.7
2015,第七子：降魔之战,17284.7
2014,奇缘灰姑娘,22
2014,霍比特人3：五军之战,76579.9
2015,黄金福将,125.4
2015,我要你开花,77.8
2015,味道中国,81.7
2015,怪谈,757.7
2015,青涩日记,41.9
2015,奔驰的大葱,25.8
2015,热血男人帮,212.6
2015,坚不可摧,3682.5
2015,奔跑吧！兄弟,43407.5
2015,熊出没之雪岭熊风,29534.7
2015,时光大战,44.9
2015,宝贝，对不起,497.1
2015,喜羊羊与灰太狼7,6774.2
2015,摩尔庄园3：魔幻列车大冒险,893
2015,有种你爱我,6812.6
2015,热情奏鸣曲,8.9
2015,守望女,1.6
2015,神探驾到,3737.5
2015,蜡笔总动员,662
2015,一路惊喜,6970.2
2015,死亡之谜,244
2015,饥饿游戏3：嘲笑鸟(上),22487.6
2015,有一个地方只有我们知道,28338.7
2014,深海挑战,240.5
2014,新年行动,237.1
2015,我只要我们在一起,307.4
1996,甜蜜蜜,1240.5
2015,爸爸的假期,11617.3
2015,冲上云霄,15628.4
2015,新年来啦之大闹除夕,69.8
2015,天将雄师,74382.8
2015,爸爸去哪儿2,22339
2015,狼图腾,69856.4
2015,钟馗伏魔：雪妖魔灵,40892.2
2015,澳门风云2,97444.8
2015,兔侠之青黎传说,2973
2015,超能陆战队,52613.9
2015,吉星高照2015,1529.7
2015,帕丁顿熊,9974.1
2015,将错就错,3934.1
2015,全能囧爸,83
2015,美丽笨女人,38.7
2015,大喜临门,776.5
2015,北京·纽约,1904.7
2015,木星上行,28426.6
2015,天使：生命处方,8.3
2015,母亲的梦想,27.2
2015,18岁18天,0.2
2015,海岛之恋,18.6
2015,灰姑娘,44455.5
2014,扑通扑通我的人生,559
2015,封门诡影,2571.9
2015,红包,23.9
2015,飓风营救3,20425.4
2015,失孤,21586
2015,可爱的你,2168
2015,璀璨的婚礼,7.4
2015,菜鸟,191.8
2015,一万年以后,2775.3
2015,第七谎言,197.8
2015,王牌特工：特工学院,48443.7
2015,战狼,54388.9
2015,咱们结婚吧,28446.9
2015,暴疯语,4488.5
2015,无敌小飞猪,308.2
2015,冲锋车,2091.8
2015,白幽灵传奇之绝命逃亡,2020.8
2015,三更车库,789.6
2015,公路美人,9.9
2015,魔法总动员,4582.9
2015,特功明星,304.7
2015,速度与激情7,242655.6
2015,我是女王,1554.7
2015,枪过境,134.1
2015,点对点,0.1
2015,十万伙急,128.3
2015,念念,139
2015,贵族大盗,2280.4
2015,陌路惊笑,157.7
2015,万物生长,14832.3
2015,疯狂外星人,17214.6
2015,破坏者,2448.7
2014,左耳,48520.9
2015,赤道,20973.8
2015,爱我就陪我看电影,906
2015,少年毛泽东,74.9
2015,闯入者,1003.6
2015,何以笙箫默,35351.1
2015,女神跟我走,38
2015,我亲爱的小淘气,–
2015,超能查派,10368.6
2015,悬战,162.1
2015,分手不分手,18.1
2015,永远的守望,9.2
2015,复仇者联盟2：奥创纪元,146418.6
2015,旋风九日,1685.7
2015,重生爱人,1988.4
2015,夺命旅行,852.7
2015,十二公民,1392.3
2015,土豪520,3012.9
2015,迷与狂,125.7
2015,我的个神啊,11813.8
2015,哺乳期的女人,27.7
2015,阿里巴巴大盗奇兵,1574.2
2015,明日世界,11842
2015,屠魔战士,4701.1
2015,哆啦A梦：伴我同行,53007.5
2015,妈咪侠,14.4
2015,金箍棒传奇2,551.1
2015,天亮·分手,58
2015,不能错过,3.6
2015,潜艇总动员之时光宝盒,3385.2
2015,超能兔战队,158.2
2015,天边的孩子,7.8
2015,末日崩塌,62946.5
2015,顺风车,50.9
2015,异种,508.2
2015,搏击迷城,185.5
2015,侏罗纪世界,142019.6
2015,我是谁2015,550.4
2015,再见我们的十年,535.2
2015,杀破狼2,56015.6
2015,分歧者2：绝地反击,11011.9
2015,我的男友和狗,2418.3
2015,少年班,5064.8
2015,致命对决,130.1
2015,惊魂电影院,869.5
2015,摇滚英雄,180.5
2015,约定倒计时,67.7
2015,横冲直撞好莱坞,32217.7
2015,恋爱排班表,83.7
2015,拳霸风云,133.2
2015,无法证明,14.5
2015,对风说爱你,277.8
2015,再次出发,2027.1
2015,听说,243.9
2015,午夜43路,850.9
2015,因为谷桂花,22.9
2015,小猪班纳之梦想大帽险,448.9
2015,三只小猪与神灯,2380.6
2015,
,77.9
2015,道士下山,40060.5
2015,我是路人甲,6318
2015,罪恶赎金,471.7
2015,简单爱,21.7
2015,西游新传2：真心话大冒险,244
2015,张震讲故事之鬼迷心窍,2091.5
2015,汽车人总动员,583.4
2015,少女哪吒,52.2
2015,小时代4：灵魂尽头,48841.7
2015,西游记之大圣归来,95592.9
2015,栀子花开,37888.7
2015,猪猪侠之终极决战,4542.5
2015,亲，别怕,226.1
2015,大宅男,32.5
2015,捉妖记,243653.9
2015,煎饼侠,115944.8
2015,碟仙惊魂,–
2015,小羊肖恩,5374.5
2015,爱情魔发师,19.2
2015,模仿游戏,5250.5
2015,奥拉星：进击圣殿,847.5
2015,赛尔号5：雷神崛起,5657.7
2015,守梦者,28
2015,命中注定,6791.6
2015,通灵之六世古宅,1652.3
2015,危机行动,73.6
2015,黑瞳,961.6
2015,等爱归来,71.3
2015,王朝的女人·杨贵妃,13388.3
2015,谜城,14881.6
2015,太平轮(下),5101.4
2015,巴黎假期,1791
2015,美人鱼之海盗来袭,1729.7
2015,男人制造,20.3
2015,恐怖游泳馆,423.6
2015,冰雪女王,402
2015,轩辕剑传奇,315.5
2015,一路向前,570.8
2015,桂宝之爆笑闯宇宙,6417.2
2015,破风,14522.9
2015,新步步惊心,3220
2015,黑猫警长之翡翠之星,6991.3
2015,爱之初体验,321.7
2015,红髅,341.1
2015,时间都去哪了,21.2
2015,小西天狄道传奇,8.8
2015,情剑,30.8
2015,我爸比我小四岁,330.4
2015,滚蛋吧！肿瘤君,51064
2015,洛克王国4,7671.9
2015,宅女侦探桂香,4130.6
2015,白雪公主之神秘爸爸,1112.5
2015,狂野飞车,294.7
2015,七月半之恐怖宿舍,1226.3
2015,我是大熊猫之熊猫大侠,85
2015,非你勿扰,45.9
2015,新娘大作战,17325
2015,恋爱中的城市,5360.6
2015,战火中的芭蕾,1209.5
2015,王子与108煞,156.9
2015,双生灵,309.5
2015,终结者：创世纪,72473.7
2015,这里的黎明静悄悄,729.2
2015,烈日灼心,30464.9
2015,刺客聂隐娘,6136.7
2015,心跳戈壁,3.7
2015,三城记,1222.2
2015,我是奋青,51.2
2015,百团大战,41137.5
2015,犹太女孩在上海2,76.6
2015,诡劫,256.6
2015,大变局之梦回甲午,17.7
2015,男神时代,822.3
2015,情敌蜜月,1029.3
2015,角逐,5.6
2015,华丽上班族,4720
2015,开罗宣言,693.8
2015,枕边诡影,398.7
2015,穷途,32.9
2015,魔镜奇缘,1553.4
2015,少年杨靖宇,0.7
2015,落跑吧，爱情,1303.4
2015,幸福很囧,5
2015,亚马逊萌猴奇遇记,1547.8
2015,碟中谍5：神秘国度,86894
2015,纯真年代,0.1
2015,启功,40
2015,东莞女孩,10.5
2015,星语心愿之再爱,520.9
2015,1980年代的爱情,174.5
2015,斗地主,80.8
2015,小黄人大眼萌,43549.7
2015,像素大战,10093.3
2015,别有动机,1188
2015,暗杀,4695.9
2015,人皮拼图,405.3
2015,墓穴迷城,244.8
2015,使命召唤,398
2015,黄河,5.6
2015,诱狼,836
2015,逆转胜,39.9
2015,诡打墙,134
2015,港囧,161223.9
2015,第三种爱情,7320.7
2015,魔镜,1034.9
2015,长江7号：超萌特攻队,828.6
2015,夏洛特烦恼,144069.2
2015,解救吾先生,19581.4
2015,九层妖塔,68220.1
2015,巴啦啦小魔仙之魔箭公主,3826
2015,天眼传奇,404.7
2015,极地大反攻,391
2015,诡宅,–
2015,头脑特工队,9719.5
2015,受降前夕,–
2015,天各一方,2.7
2015,家有虎妻,25.1
2015,妈妈让我再爱你一次,36.1
2015,小王子,15837.1
2015,喜马拉雅天梯,1051.4
2015,心迷宫,1015.8
2015,魔卡行动,275.3
2015,零点杀机,44.9
2015,蚁人,67155.6
2015,笔仙魔咒,1038.5
2015,幸存者,942.2
2015,小飞侠：幻梦启航,2840
2015,浪漫天降,781.6
2015,探灵档案,329.7
2015,既然青春留不住,5017.1
2015,业火的向日葵,8158.7
2015,龙在哪里？,2074.5
2015,猛龙特囧,631.3
2015,家在水草丰茂的地方,75.6
2015,回到被爱的每一天,162.9
2015,精灵旅社2,11962.2
2015,幸福很囧,19.3
2015,魔比斯环,–
2015,钢铁，是这样炼成的,9.9
2015,十七岁,392.5
2015,半夜叫你别回头,851.9
2015,山河故人,3218
2015,兔子镇的火狐狸,247.3
2015,我是证人,21514
2015,囧贼,21.9
2015,我的诗篇,40.2
2015,绝命海拔,10209.9
2015,我的处女地,150.1
2015,移动迷宫2,19659.9
2015,雨夜惊魂,244
2015,史努比：花生大电影,3660.4
2015,剩者为王,6139.8
2015,前任2：备胎反击战,25152.9
2015,激战黎明,27.9
2015,时尚女郎之女人江湖,2.2
2015,我的青春期,1227.9
2015,007：幽灵党,54161.5
2015,年少轻狂,1306.5
2015,陪安东尼度过漫长岁月,6257.2
2015,恐怖照相机,–
2015,男二本色,6.2
2015,昆塔：盒子总动员,–
2015,我的少女时代,35929.3
2015,灵臆事件,399.2
2015,十月初五的月光,4165.7
2015,一个勺子,1902.8
2015,藏羚王之雪域精灵,475.9
2015,闺蜜心窍,–
2015,遭遇海明威,22.2
2015,饥饿游戏3：嘲笑鸟（下）,14333.2
2015,玩命速递：重启之战,12823.9
2015,痞子·洛克,14.7
2015,一刻十年,11.5
2015,火星救援,58585
2015,诡影迷情,340.1
2015,不速之客,–
2015,坏蛋必须死,4692.2
2015,消失的凶手,7691.4
2015,摇滚水果,52.3
2015,火云端,7.7
2015,海绵宝宝,5665.2
2015,怦然星动,15933.2
2015,极盗者,24808
2015,不可思异,11167.2
2015,杜拉拉追婚记,4963.5
2015,从天“儿”降,5633.5
2015,正果,15.7
2015,不能错过,13.5
2015,师父,5478.4
2015,我是大明星,7.9
2015,梦幻佳期,45.8
2015,擦枪走火,547.9
2015,极速风流,2002.7
2015,东北偏北,89.2
2015,催命符,–
2015,最美的时候遇见你,154.9
2015,全力扣杀,75.9
2015,电商时代,45.1
2015,紫霞,45.9
2015,北京时间,3015.7
2015,咕噜咕噜美人鱼,1017.5
2015,圣诞大赢家,533.7
2015,没女神探,200.6
2015,寻龙诀,168214.3
2015,诡娃娃,286
2015,万万没想到：西游篇,32232.2
2015,老炮儿,90260.5
2015,分手再说我爱你,1273
2015,恶棍天使,64922.5
2015,青春一战,–
2015,一念天堂,8264.2
2015,唐人街探案,82337.5
2015,索命暹罗之按摩师,247.8
2015,探秘者,26.9
2016,亲密的陷阱,–
2016,一切都好,2623.4
2016,皇帝的新装之圣诞大明星,67
2016,小门神,7868.5
2016,冰美人,5.3
2016,神探夏洛克,16136.8
2016,舌尖上的新年,193.5
2016,荒村怨灵,395.5
2016,星球大战：原力觉醒,82557.3
2016,通灵神探,3538.9
2016,极限挑战之皇家宝藏,12551.4
2016,消失爱人,6419.6
2016,最后的巫师猎人,17989.1
2016,国酒,1021.4
2016,恋爱教父之三个“坏”家伙,113.7
2016,我很帅,1.8
2016,熊出没之熊心归来,28775.1
2016,恶灵之门,514.2
2016,真相禁区,4203.5
2016,一家老小向前冲,238.3
2016,云中行走,9082.1
2016,爱在深秋,113
2016,请把你的窗户打开,4.7
2016,爸爸我来救你了,98.6
2016,谎言大爆炸,88
2016,果宝特攻之水果大逃亡,833.9
2016,恶人报喜,2754.4
2016,猿创世界之熊孩子部落,85.7
2016,鼠来宝4：萌在囧途,6267.3
2016,小小校长,7.8
2016,欲链迷情,–
2016,功夫熊猫3,100200.4
2016,我的“狐朋狗友”,74.6
2016,致我们终将到来的爱情,805.3
2016,蒸发太平洋,3504.8
2016,风口青春,4.9
2016,非同小可,5.2
2016,过年好,5404.8
2016,西游记之孙悟空三打白骨精,120101.7
2016,澳门风云3,111818.8
2016,年兽大作战,3451.2
2016,美人鱼,339211.8
2016,断片儿,1.3
2016,奔爱,4751.6
2016,谋杀似水年华,1349.8
2016,我最好朋友的婚礼,3745.3
2016,高跟鞋先生,12996.7
2016,天降,–
2016,火影忍者剧场版：博人传,10322.2
2016,青蛙王国之冰冻大冒险,434.3
2016,夺命枪火,182.8
2016,卧虎藏龙：青冥宝剑,25625.3
2016,致命怪谈,113.2
2016,恭喜发财之谈钱说爱,277.1
2016,多多岛之迷失宝藏,1796.7
2016,诡娃,525.6
2016,当我们年轻的时候,30.6
2016,圣斗士星矢:圣域传说,3787.1
2016,末日迷踪,3539.9
2016,叶问3,77028.9
2016,谍影特工,2956.3
2016,地心营救,2347.7
2016,你是不是我的爱人,8.8
2016,疯狂动物城,153033.4
2016,爱情麻辣烫之情定终身,1735
2016,哪一天我们会飞,502.2
2016,同城邂逅,121
2016,箭士柳白猿,332.4
2016,灯塔下的恋人,20.7
2016,我不是王毛,268.8
2016,笨贼别跑,397
2016,床下有人3,926.9
2016,神战：权力之眼,23541.9
2016,哑孩儿,–
2016,不速之客,382.4
2016,寻找心中的你,53.7
2016,飞鹰艾迪,670.5
2016,女汉子真爱公式,6338.2
2016,洛杉矶捣蛋计划,898.2
2016,情比山高,2.6
2016,恐怖禁忌之红旗袍,387.2
2015,荒野猎人,37740.1
2016,蝙蝠侠大战超人,61908.2
1984,缘份,1391.7
2016,半熟少女,232.9
2016,回乡逗儿,44.2
2016,喜乐长安,171.3
2016,恐怖将映,607.2
2016,白毛女,587.6
2016,假装看不见之电影大师,9.2
2016,一夜危机,6.9
2016,我的特工爷爷,32443.8
2016,火锅英雄,37054.2
2016,灵偶契约,1688.9
2016,轩辕大帝,151.8
2016,蜜丝炸弹,–
2016,睡在我上铺的兄弟,12782.3
2016,太空熊猫英雄归来,641.8
2016,摩尔庄园3：魔幻列车大冒险,1063.8
2016,我的老婆是明星,147.8
2016,伦敦陷落,33981
2016,午夜寻访录,104.2
2016,小角色,3.5
2016,隔壁惊魂,104.5
2016,垫底辣妹,3757.9
2016,奇幻森林,97935.3
2016,不朽的时光,72.8
2016,纽约纽约,955.2
2016,废柴特工,1993.8
2016,冰河追凶,4320
2016,猫脸老太太,586.1
2016,国家利益,71.8
2016,情花谷,17
2016,失眠男女,223.8
2016,我的1000万,19.5
2016,女神时代,22.2
2016,恐怖照相机,133.9
2016,猎神：冬日之战,10632.2
2016,我的新野蛮女友,3419.2
2016,谁的青春不迷茫,17990.4
2016,刑警兄弟,3026.6
2016,魔宫魅影,8843.9
2016,梦想合伙人,8101.4
2016,北京遇上西雅图2,78678.1
2016,大唐玄奘,3303.2
2016,阿里巴巴：所罗门封印,619
2016,马小乐之玩具也疯狂,742.3
2016,青蛙总动员,1009
2016,风铃上的卡片, –
2016,美国队长3,124626.6
2013,百鸟朝凤,8691.2
2016,判我有罪,865.9
2016,布基兰,5.3
2016,妄想症,164
2016,男神抱抱,31.5
2016,雏鸟的天空,2.7
2016,幻体：续命游戏,3565.3
2016,再见，在也不见,1148.1
2016,超脑48小时,10355.2
2016,别开门,41.6
2016,笔仙诡影,733.6
2016,谎言大爆炸,88
2016,购物女王,27.1
2016,愤怒的小鸟,51393.7
2016,分歧者3：忠诚世界,12208.2
2016,夜孔雀,3318.1
2016,钢刀,939.6
2016,708090之深圳恋歌,42.7
2016,死亡笔记,368.8
2016,整形师·脸,307.4
2016,在雨中,0.8
2016,爱丽丝梦游仙境2,38712.9
2016,山那边有匹马,26.7
2016,妖医,876.1
2016,糖果世界大冒险,506
2016,小蚂蚁之环球大冒险,110.8
2016,蜜月酒店杀人事件,762.2
2016,水果宝贝之水果总动员,392.6
2016,冬天里的春天, –
2016,反转星球, –
2016,斗龙战士之星印罗盘,620
2016,动植物大战,144.8
2016,X战警：天启,80284
2016,记忆碎片,361.2
2016,提款机,17.1
2016,死亡游戏,551.9
2016,魔兽,147214.9
2016,泰迪熊之玩具大战,731.2
2016,我们毕业啦,291.9
2016,筷仙,1082.6
2016,海底总动员2,25420.8
2016,当流星划过天际,515.9
2016,练胆儿,23.9
2016,山花烂漫时,11.2
2016,我叫MT之山口山战记,1216.3
2016,海洋之恋,56.1
2016,南口1937,168.8
2016,三人行,10044.5
2016,大火种,1044.3
2016,独立日：卷土重来,50320.6
2016,近在咫尺的爱恋,193.6
2016,惊天魔盗团2,63891.4
2016,育婴室,805.2
2016,赏金猎人,21346.3
2016,魔轮,784.2
2016,终极胜利,106.1
2016,党的女儿尹灵芝,74.2
2016,恐怖笔记,260.3
2016,绝战,61.4
2016,古田会议,108.2
2016,丑小鸭历险记,432.2
2016,忍者神龟2：破影而出,39356.3
2016,大鱼海棠,56520.2
2016,寒战2,67820.3
2016,致青春·原来你还在这里,33679
2016,冬,30.3
2016,张震讲故事之合租屋,442.8
2016,发条城市,1104.6
2016,摇滚藏獒,3964.6
2016,再生之乐,37.3
2016,路边野餐,646.6
2016,惊天大逆转,7864.8
2016,超级保镖,551.8
2016,快手枪手快枪手,5348.8
2016,陆垚知马俐,19206.6
2016,笔仙撞碟仙,522.6
2016,超能太阳鸭,1874.5
2016,泰山归来：险战丛林,30610.5
2016,绝地逃亡,88940.1
2016,泡沫之夏,811.2
2016,少年师爷之大禹宝藏,154.9
2016,巴霍巴利王：开端,749.7
2016,天亮之前,3640
2016,哆啦A梦：新·大雄的日本诞生,10361
2016,刺猬小子之天生我刺,823.4
2016,恐怖爱情故事之死亡公路,74.1
2016,魔都凶音,414.8
2016,老阿姨,1111.7
2016,红色警戒999,708.7
2016,六弄咖啡馆,654.5
2016,封神传奇,28394.3
2016,宝贝当家,1527.7
2016,神秘世界历险记3,6545.9
2016,催命符,237.1
2016,情况不妙,886.6
2016,毒中毒,19.5
2016,爱宠大机密,38923.4
2016,龙拳小子,495.5
2016,盗墓笔记,100441.4
2016,夏有乔木 雅望天堂,15640.7
2016,古曼,363.2
2016,谎言西西里,1807.3
2016,使徒行者,60625.6
2016,海洋之歌,1552.4
2016,我们诞生在中国,6653.8
2016,危城,16737.4
2016,微微一笑很倾城,27583.5
2016,那件疯狂的小事叫爱情,3659.2
2016,诺亚方舟漂流记,1238.5
2016,岛囧,4
2016,火海凌云,3078.7
2016,精灵王座,2502.4
2016,七月半2：前世今生,709.3
2016,诡咒,6.5
2016,终极硬汉,492.2
2016,新大头儿子小头爸爸2,9021.1
2016,吉祥宝宝之我是食神,30.2
2016,一棵心中的许愿树,4.4
2016,他是龙,6015
2016,谍影重重5,44710.7
2016,冰川时代5：星际碰撞,44727.7
2016,天使请吻我,2.3
2016,低碳爱情,0.9
2016,疯狂的疯狂,2.9
2016,惊天绑架团,1354.7
2016,爸爸的木房子,9.8
2016,喊·山,87.8
2016,在世界中心呼唤爱,1106
2016,花样厨神,241.7
2016,幸运是我,96.2
2016,诡新娘,399.6
2016,白雪公主和三只小猪,177
2016,爱在星空下,171.1
2016,换个活法,7.1
2016,寄生兽,4834.4
2016,星际迷航3：超越星辰,44097.7
2016,铁拳,786.9
2016,我们的十年,4408.5
2016,蹴鞠, –
2016,小魔仙之黑魔法来袭,53.3
2016,夜半哭声,229.5
2016,玩命剧组,11
2016,长江图,326.6
2016,九条命,11204.2
2016,鲨滩,10171.6
2016,魔法老师,827.8
2016,黑海夺金,225.8
2016,为爱放手,45.4
2016,奇葩追梦,48.9
2016,荒村凶间,343.1
2016,夜魔人,23.8
2016,蜜月计划, –
2016,麦兜响当当,7061.6
2016,丝路英雄·云镝,61.6
2016,追凶者也,13589.7
2016,七月与安生,16694.9
2016,大话西游3,36593.3
2016,反贪风暴2,20907.1
2016,我的战争,3607.2
2016,麦兜·饭宝奇兵,1896
2016,爱的“蟹”逅,43.8
2016,一条叫王子的狗,70.8
2016,神兽金刚之青龙再现,722.2
2016,击战,85.8
2016,将离草,0.6
2016,巴黎危机,1446.1
2016,234说爱你,248
2016,逗鸟外传：萌宝满天飞,7773.8
2016,诡梦凶铃,319.4
2016,心灵解码,18
2016,樱桃小丸子：来自意大利的少年,2588.7
2016,谁的青春不热血之深流不息,15.3
2016,凤凰谷,22.5
2016,三个孬家伙,15
2016,地球四季,497.4
2016,从你的全世界路过,81419.5
2016,爵迹,38287.8
2016,爱的钟声,0.7
2016,湄公河行动,118417.4
2016,幽灵医院,485.2
2016,新木偶奇遇记,56.5
2016,王牌逗王牌,26027.1
2016,我是哪吒,972.9
2016,铠甲勇士捕王,1857.9
2016,疯狂丑小鸭,642.2
2016,鲁滨逊漂流记,5364.1
2016,新东方神娃,26.1
2016,爱情不等式,5.1
2016,那年我对你的承诺,22.1
2016,宾虚,1748.6
2016,黑处有什么,760.6
2016,圆梦巨人,14324.6
2016,爱上处女座,8.6
2016,暗杀游戏,2109.1
2016,小熊的夏天,13.5
2016,勇士,3281.9
2016,心语阳光,2.3
2016,T台魔王,8.6
2016,爱神箭,60.8
2016,四渡赤水,10.5
2016,惊天破,11431.1
2016,机械师2：复活,33890.6
2016,侠探杰克：永不回头,6111.7
2016,凶手还未睡,215.2
2016,热血雷锋侠之激情营救,63.1
2016,怦·心跳,1.9
2016,夺路而逃,249.3
2016,龙珠Z：复活的弗利萨,1099.8
2016,但丁密码,13430.8
2016,驴得水,17304.5
2016,小明和他的小伙伴们,1125.3
2016,枕边有张脸2,218.4
2016,魔发精灵,5477
2016,钢铁骑士,193
2016,脑残粉,153.3
2016,我的圣途,67.1
2016,奇异博士,75163.7
2016,捉迷藏,7144.9
2016,盛先生的花儿,63.1
2016,一句顶一万句,2089.7
2016,蜡笔小新：梦境世界大突击,2245.4
2016,非常父子档,676.7
2016,恐怖笔记,260.3
2016,笑林足球,86.8
2016,不离不弃,43.5
2016,被劫持的爱情,4.9
2016,狱中惊魂,32.8
2016,邻家大贱谍,1195.5
2016,减法人生,31.6
2016,贫穷富爸爸,532.9
2016,比利·林恩的中场战事,16515.8
2016,航海王之黄金城,10733
2016,外公芳龄38,6041.6
2016,斋新编之画皮新娘,452.4
2016,兄弟之北漂歌手,0.3
2016,脱单宝典,7.3
2016,深海浩劫,7266.4
2016,红颜容,1.1
2016,我不是潘金莲,48370.6
2016,勇士之门,2283.4
2016,阿拉丁与神灯,1695.6
2016,辣警霸王花,198.8
2016,白云桥,197.7
2016,少年梦,2.6
2016,名侦探柯南：纯黑的恶梦,3112.4
2016,越囧,40.9
2016,神奇动物在哪里,59169.9
2016,我是处女座,467.9
2016,海洋奇缘,22698.5
2016,冲天火,3616.1
2016,最萌身高差,619.3
2016,怨灵地下室,209.4
2016,热土悲歌,14.1
2016,骆驼客:2之箭在弦,1
2016,夏威夷之恋,215.8
2016,间谍同盟,3030.1
2016,爱你的人,96.6
2016,你的名字。,57672.5
2016,佩小姐的奇幻城堡,11839.1
2016,三少爷的剑,10072.9
2016,老腔,11.4
2016,沙漠之心,38.1
2016,锅是铁,7
2016,极速之巅,1554.1
2016,超级快递,6161.4
2016,食人岛,320
2016,东宫皇子,9.1
2016,试睡员48小时,4.2
2016,血战钢锯岭,42647.7
2016,28岁未成年,12936.3
2016,球舞青春, –
2016,萨利机长,6221.4
2015,塔洛,104.5
2016,反黑行动组,260.6
2016,呆呆计划,448.7
2016,凄灵室,185.4
2016,牡丹仙子之皇帝诏曰,19
2016,先锋之那时青春,8.1
2016,流金,3.1
2016,长城,117452
2016,罗曼蒂克消亡史,12296.5
2016,我在故宫修文物,642.9
2016,少年,1590.3
2016,五女闹京城,194.2
2016,功夫四侠,247.1
2016,甜水谣,0.4
2016,大山里的春天, –
2016,求生者,1
2016,铁道飞虎,69884.8
2016,掠夺者,438.5
2016,有迹可循,26.1
2016,摆渡人,48296.6
2016,失心者,38.9
2016,绝对控制,621.9
2016,恋,0.2
2016,冒牌卧底,2232.1
2016,爸爸的3次婚礼,94.4
2016,情圣,65854.1
2016,难忘金银滩,3
2016,那年夏天你去了哪里,3467.2
2016,你好，疯子！,1568.6
2016,北极大冒险,245.8
2016,人鱼校花,18.1
2016,冰雪女皇之冬日魔咒,3533.5
2016,超级幼儿园,209.5
2017,星球大战8：最后的绝地武士,26782
2018,醉佳导演,4.4
2018,我来过,1.5
2015,尼斯·疯狂的心,12.6
2018,只想好好和你在一起,5
2018,大世界,261.8
2018,无问西东,75387.8
2018,迷镇凶案,567.3
2018,勇敢者游戏：决战丛林,49165.9
2018,太空救援,1684.9
2018,卧底巨星,3925.5
2018,时空终点,41.9
2016,青蛙总动员,1255.6
2018,我的影子在奔跑,33.7
2018,芒刺,4.4
2018,英雄本色2018,6299
2018,第一夫人,213
2018,奇迹男孩,19140.6
2018,神秘巨星,76662.3
2018,谜巢,4943.7
2018,公牛历险记,17187
2018,天使的声音,5.4
2018,敦煌不了情,24.7
2018,大雪冬至,28.1
2018,移动迷宫3：死亡解药,31510.1
2018,绝命时钟2:22,225.4
2018,24小时：末路重生,975.3
2018,五度空间,17.7
2018,半个月亮,1.8
2018,麦兵兵之夺宝联“萌”,594.9
2016,我是哪吒（重映）,993.9（总计）
2018,梭哈人生,10.8
2018,马戏之王,10114.7
2018,时空偷渡少女,139.8
2018,毕业旅行笑翻天,21.9
2018,忌日快乐,6120.8
2018,南极之恋,23418
2018,盲·道,44
2018,莫斯科陷落,230.5
2018,小马宝莉大电影,4675.1
2018,金龟子,2746.7
2018,坏爸爸,2445.4
2018,狗狗的疯狂假期,1057.6
2018,小狗奶瓶,160.8
2018,余额不足,34
2018,莫名我就喜欢你,1.2
2018,我和“叛徒”老爸,2.1
2018,奔,4
2018,泡芙小姐,1928.9
2018,大导归来,23.5
2018,无迹可寻,36.3
2018,疯狂熊孩子,26.2
2017,纯洁心灵·逐梦演艺圈（重映）,233.1（总计）
2004,龙凤斗（重映）,1400（总计）
2018,唐人街探案2,339768.8
2018,捉妖记2,223665.6
2018,西游记女儿国,72743.9
2018,红海行动,364726.2
2018,祖宗十九代,16978.9
2018,人怕出名猪怕壮,640.1
2018,爱在记忆消逝前,641.5
2018,翻滚吧姐妹,9.9
2018,三块广告牌,6498.2
2018,小萝莉的猴神大叔,28538
2018,金钱世界,1115.1
2018,比得兔,16824.4
2018,闺蜜2,6427.3
2018,宇宙有爱浪漫同游,153.7
2018,厉害了，我的国,47920.6
2018,落绕,13.3
2018,对戒,2.1
2018,飞鸟历险记,130.8
2018,黑豹,66227.1
2018,恋爱回旋,1852.9
2018,妈妈咪鸭,3716.6
2018,灵魂当铺之时间典当,128.5
2018,水形物语,10530.4
2018,古墓丽影：源起之战,49696
2018,大坏狐狸的故事,1607.3
2018,虎皮萌企鹅,867.1
2018,十七后 与青春化敌为友,10.4
2018,玲珑井,198.2
2018,无眸之杀,98.2
2018,脱皮爸爸,801.8
2018,环太平洋：雷霆再起,63263.7
2018,青春24秒,7.3
2018,出山记,4.9
2018,萌犬好声音,978
2018,遇见你真好,5094.4
2018,河间圣手,6.4
2018,头号玩家,139532.3
2018,第三度嫌疑人,451
2018,通勤营救,4534
2018,花滑女王,1713.2
2016,爸爸的木房子（重映）,10.6
2018,玩命,26.1
2018,我说的都是真的,1781.2
2018,三伏天,4.2
2018,奇葩朵朵,3019.5
2018,暴裂无声,5420.9
2018,起跑线,21023.5
2018,清水里的刀子,57.3
2018,冰雪女王3：火与冰,7411.8
2018,猫与桃花源,2178.3
2018,湮灭,6602.8
2018,寻找罗麦,401.1
2018,狂暴巨兽,100307
2018,西北风云,402.5
2018,夺命来电,121.5
2018,毕业作品,450.6
2018,凌晨两点半,186.6
2018,青春后驱动,2.1
2018,二师兄来了,2.6
2018,渠首欢歌,0.4
2018,壹号别墅,18.1
2018,犬之岛,4346.8
2018,米花之味,226.7
2018,求求你爱上我,21.3
2018,脱单告急,3498.1
2018,21克拉,10998
2015,龙在哪里？（重映）,2461（总计）
2018,理想之路,68.9
2013,古城会（重映）,3.1（总计）
2018,冰封迷案,51.6
2018,后来的我们,136095
2017,玛丽与魔女之花,2059.5
2018,战神纪,3797.9
2018,幕后玩家,35748.3
2018,低压槽：欲望之城,3484.5
2018,黄金花,149.6
2018,午夜十二点,234.5
2018,小公主艾薇拉与神秘王国,657.8
2018,尖叫直播,310.7
2018,巴霍巴利王2：终结,108.8
2018,香港大营救,640.2
2018,青年马克思,2077.8
2018,任性的硬币,0.6
2018,复仇者联盟3：无限战争,239041.9
2018,战犬瑞克斯,659.7
2018,我是你妈,3681
2018,破门,34.8
2018,天梦,3.7
2018,七号公馆,59.2
2018,亲爱的，我要和别人结婚了,194
2018,天下父母,18.4
2018,路过未来,252.4
2018,寂静之地,21954.1
2018,昼颜,1348
2018,超时空同居,89966.8
2018,荒城纪,137.1
2018,火魔高跟鞋,2.2
2018,完美陌生人,5349.6
2018,游侠索罗：星球大战外传,10560.3
2018,命运速递,138.9
2018,神谕通天,8.6
2018,时间暗局,9.1
2018,魔镜奇缘2,2062.9
2017,光影之战（重映）,87.5（总计）
2018,毛骨悚然之红衣男孩,145.2
2018,潜艇总动员：海底两万里,7266.8
2018,寻找雪山,10.8
2018,哆啦A梦：大雄的金银岛,20923.3
2017,大耳朵图图之美食狂想曲（重映）,4328.4（总计）
2018,我的宠物恐龙,858.5
2018,蓝色金鱼,100.7
2018,暗夜良人,87.5
2018,厕所英雄,9456
2018,深海越狱,5136.2
2018,暮光·巴黎,207.1
2018,一个人的江湖,6.3
2018,幸福马上来,10110.4
2018,恐怖浴室,251.2
2018,一纸婚约,74.2
2018,因果启示录,126.2
2018,盯上小偷的贼,4.3
2018,那年，我还没长大,4.2
2018,别让爱情走弯路,0.8
2018,侏罗纪世界2,169551.2
2018,血十三,44.9
2018,猛虫过江,20276.1
2018,泡菜爱上小龙虾,71.3
2018,时间监狱,4.5
2018,家, –
2018,让我怎么相信你,22.1
2018,疯狂这一年,0.9
2018,吃货宇宙,484.2
2018,第七个小矮人,2539
2018,疯狂的麻将,9.6
2018,卖命, –
2018,监狱犬计划,124.1
2018,生存家族,1137.6
2018,超人总动员2,35417.8
2018,龙虾刑警,6857.6
2018,泄密者,7058.4
2018,凤凰城遗忘录,74.1
2018,伊阿索密码,130.6
2018,致命夺宝,21.9
2018,九门提督,0.9
2018,出走的娜拉,2.6
1990,阿飞正传（重映）,1972.2（总计）
2018,明天有多远,12.1
2018,马兰花开,36.8
2018,动物世界,50898.7
2018,金蝉脱壳2,9119
2018,青春不留白,43.6
2018,恋爱101度,1.4
2018,姽婳,74.7
2018,暹罗决：九神战甲,252.5
2018,最后一球,608.7
2018,凤皇传, –
2018,地下凶猛,12.1
2018,快乐星球之三十六号,68.4
2018,我不是药神,309712.7
2018,新大头儿子和小头爸爸3,15805.8
2018,只能活一个,1.6
2018,细思极恐,146.2
2018,红盾先锋,34.8
2018,邪不压正,58276.5
2018,阿修罗,4883.7
2018,铁笼,0.5
2018,美丽童年,232.7
2018,小悟空,879
2018,八只鸡,18.2
2018,左滩,22.8
2018,格桑花开的时候,10.5
2018,摩天营救,66972.8
2018,北方一片苍茫,73
2018,淘气大侦探,1041.4
2018,兄弟班,190.5
2018,汪星卧底,1495.8
2018,神奇马戏团,6470.8
2018,海龙屯,107.9
2018,浴血广昌,9156.7
2018,三十那年,1.3
2018,妈妈咪呀2,414.6
2018,风语咒,11286.7
2018,解码游戏‎,969
2018,的士速递5,3119.2
2018,神秘世界历险记4,10457.1
2018,肆式青春,282.1
2018,真心话太冒险, –
2018,一出好戏,135131.9
2018,爱情公寓,55472.2
2018,巨齿鲨,104890.2
2018,勇者闯魔城, –
2018,美食大冒险之英雄烩,489.3
2018,精灵旅社3：疯狂假期,22291
2018,快把我哥带走,37409.6
2018,欧洲攻略,15250.1
2018,最后的棒棒,94.8
2018,他是一只狗,4.4
2018,旅行吧！井底之蛙,38.7
2018,大三儿,129.9
2018,蚁人2：黄蜂女现身,82926.6
2018,黑子的篮球：终极一战,677.1
2018,大师兄,14561.3
2018,七袋米, –
2018,奇怪的袜子精灵,105.6
2018,深海历险记,1753.6
2018,天下第一镖局,49.6
2018,纯真年代,23.3
2018,惊慌失色之诡寓,205.8
2018,信仰者,1135.1
2018,碟中谍6：全面瓦解,124203.4
2018,苏丹,3606.6
2018,足球王者,178.4
2018,那些女人,490.1
2018,阿尔法：狼伴归途,11419.4
2018,吻隐者,69.6
2018,传奇的诞生,2817.1
2018,李宗伟：败者为王,657.8
2018,道高一丈,1202.9
2018,有五个姐姐的我就注定要单身了,3.4
2018,草戒指,61.2
2018,过往的梦,0.1
2018,黑暗深处之惊魂夜,227.3
2018,那条河,1.4
2017,赛尔号大电影6：圣者无敌（重映）,10857.3（合计）
2016,疯狂丑小鸭（重映）,2322.4（合计）
2018,恩师, –
2018,勇敢往事,109.5
2018,古墓兽影,148.2
2018,镰仓物语,4830.4
2018,念念手纪,4
2018,反贪风暴3,44068
2018,未择之路,740.6
2018,让我怎么相信你,181
2018,说走就走之不说再见,982.6
2018,审判者1,3.7
2018,黑蝴蝶, –
2018,禹神传之寻找神力,164.9
2018,我是检察官,18.7
2018,江湖儿女,6949.3
2018,虎胆追凶,2226.2
2018,哥斯拉：怪兽行星,158.9
2018,黄金兄弟,31514.7
2018,冷恋时代,334.1
2018,极品师徒,57.6
2018,舌尖上的斗争,0.8
2018,天刃,17
2018,悲伤逆流成河,35490.7
2018,大闹西游,3745.4
2018,影,62832.3
2018,李茶的姑妈,60391.4
2018,营救汪星人,205.7
2018,无双,127176.7
2018,胖子行动队,26080.5
2018,古剑奇谭之流月昭明,1411.5
2018,阿凡提之奇缘历险,7644.4
2018,新灰姑娘,6012.3
2017,嘻哈英熊（重映）,381.1（总计）
2018,找到你,28501.6
2018,张艺谋和他的“影”,82.1
2018,玛雅蜜蜂历险记,686.7
2018,超能泰坦,1420.4
2018,午夜幽灵,334.8
2018,嗝嗝老师,14933.7
2018,我要去远方,104.5
2018,皮鞋,29.8
2018,我的间谍前男友,6145.3
2018,宝贝儿,2461.7
2018,跨越8年的新娘,305.3
2018,无敌原始人,356.3
2018,黑暗深处之惊魂夜,224.2
2018,向阳的日子,19.7
2018,非洲遇见你,113.9
2018,雪怪大冒险,7276.2
2018,美丽战争,18.2
2018,为你写诗,1269.5
2018,昨日青空,8350.2
2018,追鹰日记,173.1
2018,阿拉姜色,242.4
2018,灵魂契约,269.9
2018,功夫联盟,1788.4
2018,暮光·巴黎,206.6
2018,铁血战士,21608.5
2018,黑暗迷宫,411.1
2018,滴答屋,1901.3
2018,流浪猫鲍勃,5290.2
2018,胡桃夹子和四个王国,11241.2
2018,冰封侠：时空行者,3441.2
2018,飓风奇劫,9498.3
2018,你美丽了我的人生,360.6
2018,产科男生,11.9
2018,瞳灵公馆,230.7
2018,台仙魔咒,18.7
2018,八仙,137.4
2018,毒液：致命守护者,187065.4
2018,你好，之华,8019
2018,名侦探柯南：零的执行人,12735.1
2018,我的冤家是条狗,231.6
2018,三国杀·幻,104.6
2018,破梦游戏,42.6
2018,地层深处,73.2
2018,开学悸,136.9
2018,恐龙王,2852.7
2018,两个俏公主,221.6
2018,梦境之源,28.8
2018,神奇动物：格林德沃之罪,39877.8
2018,无名之辈,79450.9
2018,爱在归来那一天,8.7
2018,无敌破坏王2：大闹互联网,27109.9
2018,憨豆特工3,17222.7
2018,克隆人,531.8
2018,中国蓝盔,1787.3
2018,恐怖快递,226.4
2018,奶奶的家,11.2
2018,超萌特攻,5.2
2018,生活万岁,485.2
2018,摘金奇缘,1149
2018,亡命救赎,1422
2018,二十岁,320.3
2018,冒牌搭档,146.7
2018,一百年很长吗,123.9
2018,超时空大冒险,280.9
2018,大唐风云2,15.3
2018,大烟炮！一千八！,8.2
2018,同名男子,7.5
2018,闽宁镇,181.7
2018,冥王星时刻,57.7
2018,狗十三,5118.3
2018,海王,201231.3
2018,惊涛飓浪,1107.8
2018,进击的男孩,45.9
2018,爱不可及,26.1
2018,左手右手,3
2017,三只小猪2,2695.9（总计）
2018,云上日出,13.9
2018,照相师,1076（至3-2）
2018,黄大年,214.2
2018,网络谜踪,3049.8
2018,午夜整容室,320.7
2018,二胎来了,0.3
2018,最萌警探,20.9
2018,春天的马拉松,765.8
2018,来日方长,6.9
2018,破天荒,43.3
2018,堡藏,4.1
2018,正好的我们,0.5
2018,龙猫,17367.5
2018,绿毛怪格林奇,2643.7
2018,轻轻握住你的手,5.3
2018,印度合伙人,6755.3
2018,淡蓝琥珀,22.7
2018,大路朝天,2483（至3-2）
2018,片警宝音,14.9
2018,又是一年三月三,804.9
2018,蜘蛛侠：平行宇宙,42743（至3-2）
2018,武林怪兽,7963.3
2018,叶问外传：张天志,13168.8
2018,天气预爆,12375.1
2018,夜魔奇案,23
2018,龟兔大作战,995.8
2018,印度暴徒,6192
2018,神探狗笨吉,395.1
2018,拳职妈妈,0.2
2018,来电狂响,64017.8
2018,断片之险途夺宝,5034.3
2018,云南虫谷,15004.4
2018,两只小猪之勇闯神秘岛,499.7
2018,警车联盟,531.7
2018,阿里巴巴三根金发,1006.9
2018,地球最后的夜晚,28212.1
–,–,–
2019,四个春天,1058
2019,大黄蜂,114755.4
2019,奎迪：英雄再起,1712.6
2019,很高兴遇见·你,38.3
2019,功夫营救,1.2
2019,沉默的雪,25.7
2019,零八三七,0.8
2019,大微商,77.7
2019,养家之人,630.2
2019,营救汪星人,210.2
2019,22年后的自白,534.2
2019,白蛇：缘起,44863.5
2019,命运之夜——天之杯：恶兆之花,3160.4
2019,“大”人物,37966.4
2019,燃点,818.2
2019,汝海风云,21.9
2019,蜻蜓少年,24.5
2019,灵魂的救赎,58.9
2019,蜻蜓少年,24.5
2019,我想吃掉你的胰脏,2385.3
2019,密室逃生,23127.2
2019,森林奇缘,790.7
2019,家和万事惊,3243.8
2019,钢铁飞龙之奥特曼崛起,3913.1
2019,密林诡影,12.9
2019,闯堂兔3囧囧时光机,475.2
2019,占芭花开,2.6
2019,掠食城市,5031.6
2019,差等生乔曦,62
2019,战斗民族养成记,801
2019,大侦探霍桑,791.3
2019,海上浮城,46.3
2019,杨门女将之女将初征,90.3
2019,死侍2：我爱我家,28505.2
2019,夺命杀机,31.8
2019,我们回家吧,1.9
2019,简爱之约,25.4
2019,疯狂的外星人,219197.1
2019,流浪地球,467462.7
2019,飞驰人生,171674.6
2019,新喜剧之王,62443.7
2019,廉政风云,11432.3
2019,神探蒲松龄,15218.2
2019,小猪佩奇过大年,12375.6
2019,熊出没·原始时代,71447.4
2019,今夜在浪漫剧场,1230.7
2019,一吻定情,17345.8
2019,蓝色生死恋,146.9
2019,五十米之恋,136.8
2019,瑞雪兆丰年,19.9
2019,阿丽塔：战斗天使,89516.3
2019,朝花夕誓,1721.9
2019,古井凶灵,534.2
2019,绿皮书,47788.3
2019,逆罪,23.9
2019,驯龙高手3,36685.3
2019,夏目友人帐,11501.9
2019,魔神Z,40.3
2019,血战敖伦布拉格,16.3
2019,醒来之爱的呼唤,280.8
2019,梦想之城,118.5
2019,惊奇队长,103279.3
2019,小石头下乡记,2.7
2019,比悲伤更悲伤的故事,95385.8
2019,阳台上,391.9
2019,江海渔童之巨龟奇缘,87.3
2019,少女宿舍,189.6
2019,我的英雄学院：两位英雄,3873.2
2019,过春天,991.6
2019,把哥哥退货可以吗,171.1
2019,318号公路,66.4
2019,篮球冠军,64
2019,乐高大电影2,1843.5
2019,地久天长,4517.8
2019,老师·好,35333.4
2019,狂暴凶狮,4457.8
2019,夜伴歌声,301.2
2019,波西米亚狂想曲,9883.6
2019,海市蜃楼,11073
2019,小飞象,14744.5
2019,三重威胁之跨国大营救,152.4
2019,警告,60.7
2017,精灵怪物：疯狂之旅,626
2019,人间·喜剧,6288.4
2019,似水流年,21.3
2019,劫数难逃,24.5
2019,调音师,32439.6
2019,风中有朵雨做的云,6472.2
2019,反贪风暴4,79426.6
2019,守灵,335.1
2019,A测试,0.5
2019,雷霆沙赞！,29388.3
2014,麦兜·我和我妈妈（重映）,4624.8（总计）
2019,长官传奇,7
2019,源·彩虹,0.4
2019,功夫四侠：勇闯地宫,81.3
2019,青蛙王子历险记,1030.8
2019,难以置信,146.6
2019,在乎你,497.3
2019,我的宠物是大象,254.5
2019,祈祷落幕时,6744.9
2019,欲念游戏,743.8
2019,原来如此,133.9
2019,最佳男友进化论,1474
2019,菲凡记忆,7.6
2019,暗语者,4.3
2019,虫林大作战,772.4
2019,北斗风云,2
2019,如影随心,2630.1
2019,毕业旅行之逍遥骑士,15.3
2019,转型团伙,1670.8
2019,境·界,362.3
2019,神奇乐园历险记,4676.8
2019,HELLO，北京,13.7
2019,狗眼看人心,1871.8
2019,复仇者联盟4：终局之战,423881.7
2019,撞死了一只羊,1037.2
2019,云雾笼罩的山峰,0.7
2019,海门深处,8.1
2019,何以为家,37349.7
2019,天上再见,37.7
2019,动物出击,299
2019,雪暴,2818.8
2019,下一任：前任,12122.2
2019,悟空奇遇记,1884.6
2019,猫公主苏菲,101.4
2019,港珠澳大桥,689.1
2019,国礼,0.1
2019,大破天门阵,0.8
2019,午夜怪谈,153.2
2019,一个母亲的复仇,11159.8
2019,大侦探皮卡丘,63928.8
2019,半边天,35.3
2019,进京城,1462.4
2019,铁拳雄心,17.7
2019,欢迎来北方2,97.2
2019,罗马,507.4
2019,一路疯癫,12.4
2019,向爱而生,4.2
2019,周恩来回延安,2824
2019,海蒂和爷爷,2060.4
2019,柔情史,29.9
2019,最后的勇士,75.4
2019,搞怪奇妙夜,14.4
2019,一条狗的使命2,19596.7
2019,音乐家,479.5
2019,企鹅公路,334.3
2019,致命梦魇,97.3
2019,武陵山上的星光,66.9
2019,双生,1765.2
2019,空天战队之星兽大战,14.3
2019,你好现任,9.7
2019,王者盛宴,4.4
2019,过昭关,30.7
2019,真爱不迟到,90.7
2019,邻座的怪同学,236.1
2019,真爱百分百,109.1
2019,云端之上,226
2019,龙珠超：布罗利,3162.5
2019,大大哒,183.8
2019,1931刺杀宋子文之谜,27.1
2019,午夜废墟,187.8
2019,五月天人生无限公司,5010.2
2019,阿拉丁,36746.3
2019,天眼风云,42
2019,哥斯拉2：怪兽之王,93491.3
2019,托马斯大电影之世界探险记,1676.1
2019,巧虎大飞船历险记,2273.7
2019,噬魂剑,86.2
2019,潜艇总动员：外星宝贝计划,2396.7
2019,哆啦A梦：大雄的月球探险记,13082.4
2019,直播攻略,5.2
2019,无所不能,3539.3
2019,当我们海阔天空,206.1
2019,追龙Ⅱ,30693.3
2019,最好的我们,41270.5
2019,X战警：黑凤凰,40842.1
2019,绝杀慕尼黑,9166.8
2019,黑衣人：全球追缉,30739.6
2019,秦明·生死语者,2987.8
2019,侣行攻略之确认你是我的人,15.3
2019,三流勇士,20.4
2019,冠军的心,80.9
2019,妈阁是座城,5043
2019,白牙,65.8
2019,要活着去天堂,49.5
2019,废柴老爸,521
2019,榫卯,15.6
2019,大河唱,229.1
2019,三年,8.5
2001,千与千寻（重映）,48688.8
2019,玩具总动员4,20006
2019,监护风云,88
2019,碟仙,5222.4
2019,真相漩涡,67.1
2019,我的青春都是你,1482.8
2019,八子,2064.8
2019,蜘蛛侠：英雄远征,141245.3
2019,潜行者,53.2
2019,学区房72小时,102.2
2019,封口之谜,0.2
2019,星月夜,6.5
2019,上海往事之当年情,2.5
2019,最后一刻,7.6
2019,九龙不败,1800.8
2019,善良的天使,27.4
2019,别岁,23.1
2019,上海的女儿,37.8
2019,爱宠大机密2,15400.3
2019,扫毒2天地对决,129505.6
2019, 猪猪侠·不可思议的世界,3408
2019,他她他她,41.4
2019,狮子王,82990.3
2019,命运之夜——天之杯II ：迷失之蝶,2964.1
2019,跳舞吧！大象,3908.9
2019,素人特工,2236.8
2019,机动战士高达NT,869.1
2019,舞动吧！少年,4.8
2019,嘿，蠢贼,6.7
2019,银河补习班,87234.8
2019,匠心,181.4
2019,猪八戒·传说,6346.1
2019,未来机器城,1689
2019,回到过去拥抱你,1967.4
2019,看不见的小孩,1643.3
2019,游戏人生 零,1394.1
2019,精灵小王子,20.8
2019,心之山,2.8
2019,灰猴,384.6
2019,隧道尽头,810.9
2019,巴比龙,134.3
2019,哪吒之魔童降世,500112.6
2019,烈火英雄,169131.7
2019,古田军号,4037.9
2019,冰雪女王4：魔镜世界,2355.7
2019,鼠胆英雄,10115.5
2019,最美的地方遇见你,20.9
2019,梦想之战：踢球吧阿妹,12
2019,歌唱动荡的青春,16.8
2019,赛尔号大电影7：疯狂机器城,2790
2019,灶神来了,13.4
2019,红花绿叶,23.1
2019,使徒行者2：谍影行动,69941.3
2019,某日某月,35.1
2019,丛林历险记,11.9
2019,红星照耀中国,3027.5
2019,上海堡垒,12195.2
2019,童童的风铃密室,440.1
2019,寻找兰小草,8.3
2019,全职高手之巅峰荣耀,8506.7
2019,送我上青云,2950.5
2019,昨日奇迹,121.5
2019,愤怒的小鸟2,14028.8
2019,龙牌之谜,1850.4
2019,速度与激情：特别行动,143059.8
2019,猎袭,2.3
2019,保持沉默,2153.3
2019,昆虫总动员2,1638
2019,侠路相逢,5.3
2019,到你身边,1
2019,骡子,1077.7
2019,铤而走险,4426.2
2019,女王的柯基,1536.6
2019,深夜食堂,2412.5
2019,死寂逃亡,989.5
2019,共同命运,106.4
2019,老师，你会不会回来,6.4
2019,零零后,505.8
2019,徒手攀岩,3639
2019,检察方的罪人,1338.1
2019,花椒之味,182.5
2019,宝莱坞机器人2.0：重生归来,2137.7
2019,冷血追击,536.4
2019,最长1枪,807.8
2019,樵夫·廖俊波,179.5
2019,罗小黑战记,31382.3
2019,六连煞,26.7
2019,风吹吧麦浪,20.3
2019,骑遇,0.7
2019,高兴逮笨贼,21.3
2019,芬芳,46.5
2019,拿摩一等,16.8
2019,逗爱熊仁镇,627
2019,一生只为一事来,593.7
2019,靠近我温暖你,20.3
2019,爱在长征,0.5
2019,别哭！妈妈,4.9
2019,小小的愿望,26718.3
2019,一切如你,159.1
2019,诛仙,40262.7
2019,名侦探柯南：绀青之拳,23164.6
2019,福星高照朱小八,547.1
2019,杨靖宇,138.7
2019,决胜时刻,11780.5
2019,友情以上,5212.1
2019,小Q,11039.6
2019,二凤,62.9
2019,江南,501.7
2019,攀登者,109694
2019,中国机长,290004.1
2019,我和我的祖国,317118.9
2019,雪人奇缘,10795.5
2019,大话西游之成长的烦恼,45.8
2019,丑娃娃,364.5
2019,亲密旅行,335.3
2019,疯狂斗牛场,76.1
2019,空巢也疯狂,20.1
2019,犯罪现场,25347.3
2019,急速逃脱,445.8
2019,双子杀手,23513.2
2019,侠路相逢,533.2
1989,开国大典（重映）,86.8（总计）
2019,我在耀瓷小镇等你,103.8
2019,你好霸王龙,154.3
2019,沉睡魔咒2,34529.6
2019,催眠·裁决,8627.5
2019,太阳升起的时刻,1224.1
2019,为国而歌,790.9
2019,少年的你,154494.9
2019,三傻闹地球,487.8
2019,悠然见南山,158.7
2019,六欲天,130.6
2019,终结者：黑暗命运,35519.9
2019,天气之子,28759.9
2019,宠物联盟,1115.5
2019,受益人,21897
2019,我的拳王男友,2446.1
2019,萤火奇兵2：小虫不好惹,450
2019,深海特攻队之超能晶石,104.7
2019,越域重生,8.1
2019,决战中途岛,29425.4
2019,武林孤儿,18.2
2019,订亲,18
2019,黄花塘往事,12.9
2019,他们已不再变老,333.7
2019,海上钢琴师,14348.5
2019,盗梦特攻队,17.8
2019,麦子的盖头,309.2
2019,长安道,2135.5
2019,霹雳娇娃,7572.6
2019,大约在冬季,22779.1
2019,萌宠特工队,846.6
2019,那一夜，我给你开过车,110.8
2019,你是凶手,4118.6
2019,追凶十九年,320.7
2019,归去,10.8
2019,两只老虎,19568
2019,平原上的夏洛克,943.2
2019,衣柜里的冒险王,373
2019,一生有你,4177.3
2019,冰峰暴,1272.3
2019,南方车站的聚会,20292.5
2019,吹哨人,5025.3
2019,勇敢者游戏2：再战巅峰,28924.8
2019,迷局伏香,60.9
2019,红旗渠之归来仍是少年,65
2019,若能与你共乘海浪之上,1396.4
2019,那时风华,1821.5
2019,天·火,16819.3
2019,西河恋歌,14.7
2019,唐顿庄园,2259.8
2019,被光抓走的人,7099.2
2019,误杀,133074.3
2019,父子拳王,19.6
2019,金色荣耀,64.6
2019,魔镜奇缘3,307.9
2019,太空狗之月球大冒险,278.6
2019,坂本龙一：终曲,502.2
2019,崮上情天,7.7
2019,九克拉战栗,70.1
2019,铁血阳泉,97
2019,星球大战9：天行者崛起,14380.2
2019,叶问4,118274.8
2019,只有芸知道,15969.3
2019,惊涛迷局,63.9
2019,半个喜剧,18840.8
2019,迪丽丽的奇幻巴黎,66.9
2019,利刃破冰,216.3
2019,妈妈我想你,75.4
2019,特警队,5708.8
2019,解放·终局营救,4144.8
2019,小羊肖恩2：末日农场,1728
2019,尼斯大冒险,459.4
2019,横财局中局,463.6
2019,宠爱,68427.5
2019,天使陷落,6696.1
2019,妙先生,178.6
2019,亲爱的新年好,6274.1
2017,我的第二次初恋, –
2016,单身日记：好孕来袭,550.2
2017,有家,9
2016,星球大战外传：侠盗一号,47765.2
2016,玩命直播,1297.2
2017,一路逆风,327.4
2016,一万公里的约定,375.4
2017,我们的青春不怕疼,13.8
2016,浪漫搭档,5.5
2017,恐怖理发店,472.9
2017,猪猪侠之英雄猪少年,4420.9
2017,辛巴达与美人鱼公主,223.2
2015,天空之眼,1742.1
2016,魔弦传说,4388.5
2015,我的诗篇,306
2016,太空旅客,31448.9
2015,少年巴比伦,313.9
2017,大卫贝肯之倒霉特工熊,12625.2
2017,逗逗迪迪之美梦年年,35
2017,超能龙骑侠,299.5
2017,蛋计划,53.5
2017,大魔法师孟兜兜,22.9
2015,心惊胆战,214
2017,缺失的爱,5.3
2017,老师也疯狂,31.4
2017,熊出没之奇幻空间,52277
2017,西游伏妖篇,165692.2
2017,大闹天竺,75852.8
2017,乘风破浪,104913.3
2017,健忘村,1605.2
2017,功夫瑜伽,175343.3
2017,了不起的菲丽西,4024.2
2017,东北往事之破马张飞,10615.2
2017,萤火奇兵,799.4
2017,极限特工：终极回归,112797
2017,决战食神,12197.6
2017,游戏规则,10148.6
2017,一树一树紫花开,13.2
2017,合约男女,5954.6
2017,欧爸的情人,2.3
2017,疯岳撬佳人,6389.1
2017,爱乐之城,24793.5
2017,完美有多美​,841.2
2017,欢乐好声音,21626.7
2017,上海王,1363.6
2017,血伞凶灵,146.9
2017,来自月亮的我,34.7
2017,三缺一,4.5
2017,生化危机6：终章,111221.9
2017,刺客信条,16111.6
2017,为爱担当,6.3
2017,丫丫的夏,2.6
2017,金刚狼3：殊死一战,73184.8
2017,一条狗的使命,60824.2
2017,乐高蝙蝠侠大电影,4210.9
2017,咱们分手吧,1.4
2017,惊魂绣花鞋,592.9
2017,帅位,2.5
2017,爱情对赌,5.2
2017,碟仙诡谭2,1279.7
2017,夜色撩人,374.3
2017,猫先生与猪小姐, –
2016,天才捕手,1472.8
2017,诡眼,152.8
2017,玛格丽特的春天,704.5
2017,最终幻想15：王者之剑,2878.8
2017,斗魂之熊孩子,76.4
2017,小阴谋大爱情,24.6
2017,毛丰美,627.8
2017,美女与野兽,59180.9
2017,走出尘埃,12.3
2017,滚出来，凶手,6.8
2017,通灵姐妹,470.9
2009,麦兜响当当（重映）,8315.2（总计）
2017,二宝闯江湖,2.6
2015,唤爱,5.6
2017,想得美, –
2017,八月,433.3
2017,金刚：骷髅岛,114973.9
2017,欢乐喜剧人,6703.5
2017,领袖1935,103.4
2015,八万里,1.5
2017,非凡任务,15651.2
2017,绑架者,9567
2017,嫌疑人X的献身,40225.8
2012,商界,0.3
2015,冰雪大作战,4324.4
2017,有完没完,3743
2017,怨灵宿舍之白纸女生,268.2
2017,攻壳机动队,20272
2016,一念无明,940
2017,六月与弓箭,15.8
2017,鸡飞狗跳,8.5
2012,麦兜·当当伴我心（重映）,4895.4（总计）
2017,点五步,367.8
2017,惊悚小说,58.7
2017,海角有个五店市,9.7
1995,大话西游之大圣娶亲（重映）,18916.1（总计）
2017,速度与激情8,266869.7
2017,怨灵宿舍之人偶老师,119.9
2017,指甲刀人魔,450.6
2017,玩命试爱,11.3
2016,爱情冻住了,51.8
2016,百鸟朝凤（重映）,8695（总计）
2017,傲娇与偏见,12408
2017,神秘家族,1486.6
2017,蓝精灵：寻找神秘村,17313.2
2017,窦娥奇冤,445.6
2017,血狼犬,2510.7
2017,恋恋有声,9.8
2017,我的青春永不逝,2.3
2017,和田玉传奇​,545.9
2017,喜欢你,20990.6
2017,记忆大师,29176.9
2017,春娇救志明,17483.1
2017,拆弹专家,39920.2
2017,午夜惊魂路,232.5
2017,灵狼传奇,1144.5
2017,摔跤吧！爸爸,129657.6
2017,银河护卫队2,68521.4
2017,咸鱼传奇,17.1
2017,海阔天空, –
2017,花腰恋歌,2.2
2017,麻烦家族,3221.3
2017,故乡面·参花情, –
2017,阿文的承诺,0.9
2017,亚瑟王：斗兽争霸,5697
2017,提着心吊着胆,1365.3
2017,超凡战队,2999.3
2017,毒。诫,4016.3
2017,以爱为名,243.7
2017,宝贝，再爱我一次,11.1
2017,20:16,483.9
2017,异星觉醒,13558.7
2017,抢红,1620.4
2017,不期而遇,702.4
2017,当怪物来敲门,1451.5
2017,美容针,1003.5
2017,小情书,290
2017,守护者：世纪战元,2015
2017,逆路,4.2
2017,放学后,30.3
2017,黑白照相馆,7.2
2017,诡异酒楼,165.6
2017,颠覆,2
2017,加勒比海盗5：死无对证,117824.1
2017,我的爸爸是国王,1559.8
2017,银河守卫队,252.1
2017,夏天19岁的肖像,936
2017,“吃吃”的爱,2744.5
2017,荡寇风云,6503.4
2017,临时演员,1293.3
2017,三只小猪2,2456.7
2015,超能兔战队（重映）,175（总计）
2012,摩尔庄园2：海妖宝藏（重映）,2521.7（总计）
2015,龙骑侠（重映）,1072.1（总计）
2015,潜艇总动员5：时光宝盒（重映）,4600.5（总计）
2017,哆啦A梦:大雄的南极冰冰凉大冒险,14852
2017,北极星,2.5
2017,功夫小兔侠,137.3
2017,红军小学,12.6
2017,神奇女侠,60772.6
2017,迷失Z城,695.4
2017,美好的意外,1752.6
2017,29+1,155.2
2017,凤凰街风雨,1.1
2017,小茜当家,5.9
2017,惊门,91.5
2015,梦幻佳期,50.4
2017,新木乃伊,62233.3
2017,我心雀跃,46
2017,异兽来袭,1003.3
2017,李雷和韩梅梅,4056.7
2017,碟仙之毕业照,305.2
2017,因为爱情,225.1
2017,此情此刻,36.6
2017,麦豆的夏天,7.2
2017,黄粱一梦,1.1
2017,谁知道,5.3
2017,麻辣学院,72.6
2017,失恋399年,6.5
2017,忠爱无言,2544.4
2016,内心引力,139.2
2017,漂洋过海来爱你,29.4
2017,爱情开始的地方之遇见,5.2
2017,六人晚餐,227
2017,艺术也疯狂,40.8
2017,我的青春你来过,4.3
2017,异形：契约,30996.4
2017,胡杨的夏天,465.3
2017,52赫兹，我爱你,132.7
2017,我们停战吧,12.7
2017,中国推销员,1007.7
2017,十七岁的雨季,26.2
2017,女人永远是对的,183
2017,重返·狼群,3284.2
2017,借眼,470.6
2017,冈仁波齐,10004.3
2017,雄师,1713.1
2017,缉枪,1643.6
2017,变形金刚5：最后的骑士,154561.8
2017,青春逗,111.5
2017,原谅他77次,7484.5
2016,我不做大哥好多年,756.7
2017,猪太狼的夏天,1.4
2017,反转人生,6937.6
2017,逆时营救,20069.9
2017,仙球大战,978
2017,撞邪31号,234.6
2017,冯梦龙传奇,173.3
2017,再见时光,12.4
2017,不败雄心,1.2
2017,宽恕,7.1
2017,血战湘江,7285.8
2017,海鹰战警,24.1
2017,乡关何处,217.4
2017,明月几时有,6283.5
2017,牧野传奇,6.3
2017,与君相恋100次,1343.2
2017,京城81号2,21802.9
2017,神偷奶爸3,103780.4
2017,绝世高手,10086
2017,秘果,792
2013,伊犁河谷,13.3
2017,青春逗,319.2
2017,北纬30度之爱,11.1
2014,梵蒂冈美术馆3D,78
2015,佛罗伦萨与乌菲兹美术馆3D,83.2
2017,青禾男高,3030.5
2017,苏州少年横漂记,1.4
2017,悟空传,69653.3
2017,大护法,8759.8
2017,喵星人,4459.8
2017,爱爱囧事2,0.6
2017,片甲不留,17.7
2017,山无棱 天地合,5.2
2017,深夜食堂2,1387.3
2017,绣春刀：修罗战场,26569.2
2017,闪光少女,6466.2
2017,父子雄兵,12519.2
2017,阿唐奇遇,3037.4
2017,谜域之噬魂岭,91.1
2017,战刀屠狼,14.4
2017,绿野仙踪之奥兹国奇幻之旅,904.4
2017,让爱活下去,27.5
2017,战狼2,567868.8
2017,建军大业,40296.5
2017,豆福传,1590.5
2017,大耳朵图图之美食狂想曲,4247.6
2017,玲珑井, –
2017,夜半凶铃,213.1
2017,神灵寨,8.7
2017,三生三世十里桃花,53453.6
2017,谁是球王,98.3
2017,龙之战,5620.6
2017,我是马布里,889.2
2017,大象林旺之一炮成名,326.6
2017,玩偶奇兵,3129.3
2017,原罪的羔羊,11.7
2017,诡井,103.3
2017,荒野加油站,18.5
2017,心理罪,30387.7
2017,侠盗联盟,23687.2
2017,鲛珠传,11358.2
2017,地球：神奇的一天,4777.6
2017,隐隐惊马槽,4
2017,二十二,17037.1
2017,杀破狼·贪狼,52157.3
2017,破·局,6451
2017,十万个冷笑话2,13363.2
2015,铁血残阳—在刺刀和藩篱下（重映）,11.6（总计）
2011,紫宅（重映）,1054.5（总计）
2017,我是谁的宝贝,110.9
2017,恐怖毕业照2,243.7
2017,皮绳上的魂,326.6
2017,赛尔号大电影6：圣者无敌,10325.8
2017,绝技情缘之艺魂,53
2017,顺德人家之合家欢,8.6
2017,星际特工：千星之城,40919.8
2017,极盗车神,10871.3
2017,赛车总动员3,13704.7
2016,海边的曼彻斯特,817
2017,胖女不愁嫁,77.5
2017,七天,1.1
2017,真爱禁区,10
2017,杜丽娘, 5.3
2017,一路向爱,104.6
2017,一家两口,0.5
2017,情迷意大利,–
2017,桃花梦,0.8
2017,茶盗,2
2017,租婚男女,5.3
2017,草原英雄小姐妹,0.1
2017,黑白迷宫,3311.3
2017,二次初恋,2611.5
2017,敦刻尔克,33960.2
2017,银魂,8135.7
2017,蜘蛛侠：英雄归来,77413.8
2017,声之形,4450.4
2017,失业生,609.7
2017,猪太狼的夏天,1.6
2017,诡域新娘,375.4
2017,蜜月计划,55.5
2017,逆生,55.2
2017,怪物岛,483.3
2017,乔乔的魔法,1.9
2017,爱廉说,1.1
2017,看不见的客人,17240.3
2017,猩球崛起3：终极之战,73978.2
2017,刀剑神域：序列之争,5387.4
2017,会痛的十七岁,764.8
2017,阿婆的槟榔,3
2017,旗袍先生, –
2017,纹身师,38
2017,这一刻，我要世界看见,1.4
2017,画室惊魂,153.9
2017,娘子军传奇,43.1
2017,理查大冒险,233.5
2017,王牌保镖,13967
2017,纯洁心灵·逐梦演艺圈,226.3
2017,谜证,9.1
2017,捍卫者,1032.1
2017,请勿靠近,20.8
2017,惊天解密,385.5
2017,遗忘空间,13.8
2017,天梯：蔡国强的艺术,202.8
2017,初恋时光,9
2017,托马斯大电影之了不起的比赛,2129.7
2017,魔都爱之十二星座,8
2017,疯狂旅程,16.2
2017,缝纫机乐队,45671.2
2017,空天猎,31758.7
2017,追龙,57465.2
2017,英伦对决,53695.2
2017,羞羞的铁拳,220174.9
2017,极致追击,1754.5
2017,昆塔：反转星球,5035.5
2017,钢铁飞龙之再见奥特曼,4071.4
2017,大熊猫传奇,13.3
2017,魔力果乐岛之拯救行动,5.3
2017,母亲的肖像,11.2
2017,光影之战,5.7
2017,那一场呼啸而过的青春,874.8
2017,怨灵2,1142.8
2017,天才枪手,27065.5
2017,回到火星,959.1
2012,大闹天宫（重映）,5105.2（总计）
2017,情遇曼哈顿,1348.1
2017,我的妈呀,34.2
2017,你往哪里跑,99.5
2017,笔仙咒怨, –
2017,十八洞村,10692.4
2017,我的爸爸是森林之王,5606.3
2017,了不起的小家伙们,12.8
2017,南哥,10.4
2017,六年，六天,1146.2
2017,时间去哪儿了,841.6
2017,王牌特工2：黄金圈,47385.1
2017,蝴蝶公墓,333.2
2017,火力全开,240.1
2017,恐怖电影院2,265
2017,咕噜咕噜美人鱼（重映）,1390.7（总计）
2017,胡杨的夏天,464.8
2017,大爱无言,10.1
2017,坑爹游戏,178.9
2017,镜头前的女人,1.4
2017,刺客2,0.1
2017,童话先生,21.4
2017,爱情邮局,8.4
2017,全球风暴,43379.9
2017,常在你左右,4684.1
2017,因为爱情,225.1
2017,银翼杀手2049,7693.8
2017,红剪花,2
2017,灵魂当铺之时间典当, –
2017,我的老兵爷爷,0.5
2017,雷神3：诸神黄昏,74302.9
2017,相爱相亲,1824.2
2017,密战,7945.4
2017,七十七天,10361.7
2017,我们全家不太熟,9.8
2017,识色，幸也,48.3
2017,宝贝特攻,18.8
2017,东方快车谋杀案,23003.5
2017,狂兽,6774.1
2017,烽火芳菲,2944.4
2017,天生不对,2429.1
2017,兄弟，别闹！,1208.8
2017,猪太狼的夏天,28.2
2017,精灵宝可梦：波尔凯尼恩与机巧,2561.7
2017,正义联盟,69011
2017,恐袭波士顿,2105.5
2017,暴雪将至,2713.2
2017,降魔传,9165.1
2017,深宫怨灵,368.8
1986,英雄本色（重映）,3258.5（总计）
2017,侗族大歌,17
2017,恋爱之瘾,0.8
2017,迷情N小时,8.1
2017,不成问题的问题,777.1
2017,追捕,10598.1
2017,引爆者,5024.1
2017,推理笔记,1022.2
2017,嘉年华,2220.1
2017,海阔天空,0.7
2017,寻梦环游记,121183.1
2017,刺杀盖世太保,392.3
2017,七月半3：灵触第七感,292.2
2017,炸裂青春,83.7
2017,灿烂这一刻,42.5
2017,女巫斗恶龙,13.9
2017,北纬二十八度,30.6
2017,垫底联盟,429.8
2017,星期8,9.2
2017,水晶争夺战,1.7
2017,你在哪,204.7
2017,烟花,7859
2017,至暗时刻,3731.3
2017,钟馗传奇之岁寒三友,40.1
2017,维京：王者之战,1410.8
2017,末日重启,113.9
2017,夺金四贱客,353.4
2017,笔仙咒怨,579.6
2017,相声大电影之我要幸福,1784.7
2017,这就是命,5439.9
2017,冒牌监护人之寻宝闹翻天,198.4
2017,巨额来电,5581.4
2017,勇往直前,902.5
2017,假如王子睡着了,545.7
2017,帕丁顿熊2,20637.9
2017,双面劫匪,323.1
2017,北平以北,79.1
2017,鲨海,3869.4
2017,至爱梵高·星空之谜,6870.1
2017,疯狂特警队,497.4
2017,金珠玛米,185.4
2017,逃离现场,13
2017,墨玉太极,6.1
2017,奇门遁甲,29964
2017,不倒侠, –
2017,热血时代,3.5
2017,爱的帕斯卡,0.7
2017,圣诞奇妙公司,489.3
2017,芳华,1422413
2017,惊魂七夜,84.6
2017,妖猫传,52998.2
2017,心理罪之城市之光,22406.2
2017,机器之血,30529.3
2017,解忧杂货店,22406.2
2017,二代妖精之今生有幸,29207.3
2017,妖铃铃,36292.9
2017,远亲,3.6
2017,前任3：再见前任,194049.4
2017,咖啡风暴,101
2017,小猫巴克里,1207.4
2017,阳光夏令营,5.6
2017,咕噜咕噜美人鱼2,1060.3
