原神,2020-11-06
勇者之刃,2012-02-10
4399火线精英,2016-05-14
爆枪突击,2014-01-17
4399三国杀,2019-04-01
王国印记,2021-05-18
美食大战老鼠,2021-06-30
死神VS火影3.3,2019-04-30
4399弹弹堂,2016-05-10
火柴人打羽毛球2,2012-05-30
大鱼吃小鱼双人版,2012-07-13
Q版泡泡堂,2008-01-25
Q版泡泡堂7,2014-03-21
4399迷你世界,2020-03-10
疯狂小人战斗,2007-05-24
勇者之路精灵物语速升版,2011-01-18
闪翼双星无敌版,2011-09-15
拳皇wing1.85无敌版,2012-11-18
森林冰火人中文版,2009-12-02
双人旋转赛车,2009-01-18
黄金矿工双人版,2008-01-24
坦克动荡2,2014-06-12
三国小镇,2011-11-03
王子公主回家记,2011-06-08
3D双人极速飙车,2011-11-07
死神VS火影2.6,2016-06-29
双人碰碰车3D1.2,2017-04-22
森林冰火人4无敌版,2013-04-02
西游战记3,2013-11-08
死神VS火影3.2,2018-07-27
中国象棋,2010-08-19
造梦西游online,2021-05-31
拳皇wing1.91,2017-12-11
方块世界吃鸡,2018-12-29
屁王兄弟无敌版,2011-05-12
双刃战士无敌版,2011-08-31
彩8对战,2010-04-14
造梦无双,2020-06-10
英雄大作战V0.7终极无敌版,2013-04-01
勇者之路双人速升版,2010-12-19
Q版泡泡堂3升级版,2012-03-31
双箭头2无敌版,2011-08-04
混乱大枪战新版中文版,2015-02-06
坦克动荡,2010-07-14
森林冰火人双人迷宫,2011-07-05
封神太子2,2012-07-19
双人自行车对战,2012-02-10
新斗兽棋,2019-04-04
游戏明星大乱斗5.0,2014-09-09
泡泡堂卡丁车,2013-10-11
冰火人亚马逊大冒险,2017-01-15
超级米拉奇战记,2011-01-29
小怪物探险,2010-07-12
双人碰碰车3D,2016-06-21
米拉奇战记,2010-11-05
拳皇wing1.4,2010-09-13
真人快打,2004-11-24
冰火熊猫大冒险,2010-11-29
冰娃与火娃5,2019-02-07
海盗军团抢宝藏,2010-10-02
寿司大乱斗,2015-04-27
双人旋转赛车选关版,2012-07-03
火柴人吃豆豆,2015-09-30
坏蛋冰淇淋2无敌版,2012-12-25
经典90坦克大战,2007-01-24
黄金矿工双人无敌版,2010-05-24
奥维五子棋,2007-03-23
小怪物探险3,2012-07-28
Q版泡泡堂5无敌版,2012-12-05
Q版泡泡堂6,2013-09-13
变形金刚战记,2015-10-21
神奇小妖怪中文版,2010-12-07
混乱大枪战2中文版,2012-09-05
妖尾VS海贼王2.0,2018-07-06
恐龙快打双人选关版,2011-09-28
拳皇大战之饿狼来袭无敌版,2016-10-28
游戏明星大乱斗4.3,2012-11-18
拳皇Wing1.85,2017-05-16
可爱炸弹人2,2008-09-17
冰火小人闯关,2010-08-14
双人麻将,2008-03-31
飞碟星际之旅,2013-08-29
魂斗罗完美版,2011-05-30
爸爸去哪儿之原版大冒险,2014-01-22
猛象争霸,2010-04-28
冰火人冒险双人无敌版,2012-01-18
萌少年酷跑三人版,2016-01-19
坦克动荡加强版,2016-11-06
混乱大枪战新版,2014-12-17
屁王兄弟2,2015-11-10
火柴人格斗进化v1.2,2019-06-06
火柴人吃豆豆2,2017-03-07
火娃冰娃闯关2无敌版,2010-12-21
混乱大枪战2中文无敌版,2012-09-05
中国熊猫2无敌版,2012-01-12
鸡鸭兄弟,2013-05-16
皮球总动员四人版,2015-07-28
小忍者寻宝无敌版,2011-06-29
小怪物探险2,2011-03-15
贪玩三人组,2011-11-23
Q版泡泡堂5,2012-11-26
冰火人面兽,2016-08-18
火娃冰娃闯关无敌版,2010-12-06
卡哇伊跑酷2,2012-11-30
王子公主回家记无敌版,2012-08-02
Q版泡泡堂4,2011-11-25
双人坦克世界3D,2016-10-14
蓝色药水3,2011-06-16
魂斗罗双打DIY完整版,2007-01-24
热血篮球赛,2016-07-23
火柴人神器之战2,2019-08-23
森林冰火人3,2012-01-04
火娃冰娃闯关修改版,2010-07-12
胖胖猫山洞大闯关2,2012-05-18
新黄金矿工,2016-12-11
拳皇WingEx1.0,2014-07-15
疯狂的愤怒小鸟,2011-12-13
小企鹅爱吃鱼2,2013-08-23
雪怪双侠,2012-04-07
森林冰火人3中文版,2010-11-09
4399小小突击队,2020-03-23
小羊回家三人组,2016-03-29
冰火双星宝箱守卫2,2012-05-09
双刃战士,2009-08-12
彩虹兔2,2012-01-13
冰火双星回家,2012-11-01
Q版泡泡堂7无敌版,2014-04-09
爆枪英雄2,2017-05-19
变形金刚战记无敌版,2015-10-13
游戏明星大乱斗3.5,2012-03-13
小企鹅爱吃鱼3,2014-09-29
盗金父子,2014-06-24
Q版泡泡堂6无敌版,2013-09-16
混球历险记3人版,2014-10-18
反重力双英中文版,2010-12-16
乞丐找老婆无敌版,2010-12-16
野人部落2修改版,2011-08-01
4399战地联盟,2020-07-08
西游爱冒险,2013-12-21
拳皇WingEx,2014-01-28
英雄大作战V0.65,2010-05-05
坏蛋冰淇淋2,2010-12-09
3D空中对战,2013-03-20
双猫战士2选关版,2010-12-22
造梦江湖2,2014-07-13
豌豆兄弟大战僵尸,2013-07-01
米拉奇战记修改版,2011-02-25
点穴神功,2015-08-25
星猫大富翁,2009-08-10
蜡笔小新兄妹过新年,2015-02-19
智能飞行棋,2012-11-12
乐园过山车双人版,2009-06-10
鸡鸭兄弟2,2014-07-15
迷你大富翁,2008-01-01
双人战斗机,2011-03-17
闪翼双星,2011-03-25
火柴人格斗进化v1.1,2019-04-05
大家来玩中国象棋,2011-02-10
米老鼠和唐老鸭历险记,2016-02-12
Q版泡泡堂4修改版,2011-12-29
混斗兄弟,2012-11-18
坏蛋冰淇淋3,2013-12-22
超级五星战队3,2011-10-10
勇者之路双人版,2010-12-18
恐龙觅食,2013-09-23
超级五星战队,2011-03-01
热血篮球赛万圣节篇,2016-10-20
盗金父子2,2015-02-12
忍者神龟之王者归来,2010-08-22
拳皇大战之饿狼来袭,2015-09-19
坦克VS坦克,2011-07-27
英雄大作战V0.65无敌版,2012-08-29
泡泡兔3,2012-06-28
拳皇wing1.91无敌版,2013-12-30
以太之光,2019-08-08
炎龙传说2三度冲击,2010-01-14
三人飞扬的小鸟,2017-01-16
恐龙快打双人选关无敌版,2011-10-08
炎龙传说3炽凤,2010-08-23
外星兄妹2,2012-11-22
森林冰火人,2009-11-20
双猫战士修改版,2010-09-20
混乱大枪战,2011-05-21
冰娃火娃闯天关2,2014-06-05
盗金父子3,2015-12-03
雪人兄弟,2010-10-27
碰碰球2,2010-05-05
火柴人枪神7,2019-10-01
火柴人格斗进化,2018-12-21
坏蛋冰淇淋,2010-12-13
胖胖猫山洞大闯关,2010-10-27
地震小恐龙,2011-10-11
魔幻陀螺2台球大战,2018-02-21
坦克疯狂无敌版,2010-10-27
冰火双刃,2014-04-10
冰火三兄弟,2015-09-02
萌少年酷跑大冒险,2014-12-16
炎龙传说2双龙版,2009-04-16
冰火人回娘家,2011-12-30
海绵宝宝-小飞龙出击,2007-04-24
森林冰火人大战恐龙怪,2017-10-07
疯狂坦克3,2004-11-30
小初音大冒险,2017-05-29
哆啦A梦勇闯巨人岛,2015-09-26
森林冰火人4双人版,2011-03-07
保卫冒险岛无敌版,2011-02-09
小狗足球赛,2010-10-02
森林冰火人4,2013-03-29
双人赛车,2009-09-24
乞丐找老婆,2010-10-22
封神太子外传2,2013-05-30
中国熊猫2,2012-01-04
勇者之路精灵物语,2010-05-13
混乱大枪战2无敌版,2012-08-31
坏蛋冰淇淋无敌版,2011-10-10
机器猫大富翁中文版,2011-05-13
小企鹅爱吃鱼,2013-04-11
冰冻双侠,2008-01-25
双打牛,2011-01-11
超级五星战队2,2011-07-26
森林冰火人双人闯关,2011-05-28
炎龙传说2三度冲击无敌版,2011-04-15
动荡坦克,2015-12-16
方块世界羽毛球,2017-12-29
机器人竞速,2010-11-02
冰娃与火娃4,2018-11-06
屁王兄弟,2011-04-13
桌球大师,2011-01-21
4399奶块,2020-03-09
泡泡兔2,2012-03-30
鸡鸭兄弟无敌版,2013-05-18
自行车赛,2007-05-10
森林冰火人3无敌版,2012-03-17
双人走迷宫,2006-09-21
开心鼠无敌版,2013-10-22
中国象棋加强版,2013-07-09
动荡坦克2,2018-01-25
神奇宝贝世界,2014-01-19
植物大战僵尸小小精灵,2016-02-19
混乱大枪战无敌版,2011-05-14
冰冻双侠中文版,2010-08-02
游戏明星大乱斗2,2011-10-11
大鱼吃小鱼双人版HD,2015-08-18
阿U爸爸去哪儿,2013-12-01
超能陆战队历险记2,2015-09-04
机器车大战,2006-05-17
小鸭子历险记,2013-07-18
Q版泡泡堂2,2008-09-16
拳皇Wing1.4无敌版,2011-08-05
泡泡兔3无敌版,2012-06-30
神奇小妖怪,2007-09-14
4399三国群英传,2021-06-09
海绵宝宝狂欢3,2010-04-01
混斗兄弟2,2013-10-15
4399双猫战士,2010-09-20
鸡鸭矿工2,2016-03-06
爸爸去哪儿之原版大冒险2,2014-07-09
愤怒小鸟之双人捕鱼,2012-02-03
超级鸡鸭兄弟2无敌版,2016-02-19
森林自行车,2006-09-21
双箭头2,2009-05-04
Q版泡泡堂积分版,2010-02-11
PK超冰火人冒险3,2017-08-13
超级五星战队4无敌版,2012-10-22
拳皇Wing1.7,2012-01-19
大炮攻城战,2009-03-01
超外星兄妹3,2015-03-04
3D双人四驱车赛,2012-09-06
忍者神龟-双龙出海无敌版,2011-12-01
火柴人大逃杀,2018-05-24
拳皇Wing1.68无敌版,2012-01-09
雪人兄弟无敌版,2010-09-25
火娃冰娃闯关2,2010-10-23
超西游记,2016-03-26
双人象棋,2007-05-10
冰娃火娃闯天关选关版,2013-08-05
米老鼠唐老鸭冰火人,2011-11-18
外星兄妹2无敌版,2012-11-27
雪怪兄弟,2012-05-02
传动力大乱斗1.3,2011-02-24
小企鹅爱吃鱼无敌版,2013-04-15
Q战联盟4,2014-02-24
游戏明星大乱斗3,2012-01-21
双猫战士3,2015-01-31
飞哥与小佛赛车,2011-12-05
突破黄金十二宫2,2014-07-08
柏林战争,2007-01-24
四人坦克战,2007-05-09
飞行摩托2,2010-05-29
智能飞行棋加强版,2013-12-06
火柴人联盟1.1,2016-06-03
雪怪双侠无敌版,2012-04-17
神奇小妖怪中文无敌版,2011-06-14
360度网球,2014-09-16
孤岛突袭,2018-09-12
海绵宝宝下跳棋,2009-07-07
英雄大作战V0.7无剑刃逊无敌版,2012-11-24
火柴人打羽毛球3,2017-06-12
决斗，天龙对天马新版,2010-11-12
先锋联盟v0.8,2016-11-28
鸡鸭兄弟圣诞版,2013-12-25
创世兄妹,2010-08-23
坏蛋冰淇淋3无敌版,2013-12-27
彩虹兔大冒险2,2012-02-21
双箭头,2009-02-12
闪电冰火人,2018-01-24
拳皇Wing1.7无敌版,2012-01-30
鸡鸭兄弟圣诞无敌版,2014-01-02
彩虹兔,2010-10-27
冒险开宝箱,2007-05-12
森林冰火人4选关版,2013-04-02
火娃冰娃闯关,2010-05-27
双人疯狂赛车,2011-06-17
傀儡足球2014,2014-05-18
保卫阿米多,2010-11-15
多人职场足球联赛,2015-09-24
捣蛋猪总动员四人版,2017-07-07
火柴人水果大陆历险2,2020-05-02
五子棋双人版,2011-06-14
冰冻双侠修改版,2010-09-30
超级冰火人冒险2,2016-11-11
超级冰火人冒险,2016-05-20
西方相扑,2013-01-23
火娃冰娃闯关2中文版 ,2010-11-05
炎龙传说3炽凤速升级版,2011-06-21
末世英雄,2020-02-14
方块世界跳一跳,2018-04-06
为爱前行,2013-04-05
降世神通城堡战2,2010-10-04
怪物闯关,2010-07-06
人物象棋,2010-06-01
雪人兄弟超级版,2011-01-02
来互相伤害啊,2017-01-07
合击无敌版,2012-02-01
4399英魂之刃,2020-04-03
大鱼吃小鱼3D双人版2,2014-10-29
象棋,2005-06-15
英雄大作战v0.1.2,2009-08-11
鸡鸭矿工3,2017-04-30
黄金矿工海底版,2018-02-21
英雄大作战V0.7,2012-10-27
地震小恐龙修改版,2011-10-14
幻游格斗,2011-12-26
冰火熊猫联网版,2012-06-04
战机VS水滴无敌版,2010-06-04
冰娃火娃闯天关中文版,2013-06-21
卡哇伊跑酷,2010-04-15
超级五星战队4,2011-12-07
愤怒小鸟弹跳球,2011-02-19
魂斗罗,2010-03-11
外星兄妹,2012-10-24
火柴人联盟1.2无敌版,2016-07-18
海绵宝宝炸弹人,2013-05-13
超外星兄妹,2014-05-17
彩虹兔3,2012-04-17
公主大营救,2012-04-25
企鹅冰海大战,2010-01-08
混斗兄弟无敌版,2013-02-28
超级企鹅冒险无敌版,2012-03-25
呆萌小鸭大乱斗,2015-03-16
